candidate_id,question,answer,source_filename,page,legal_reference,evidence,question_type,validation_flags,duplicate_flags,review_status,reviewer_decision,reviewer_notes
886a718d02a80bfa,What does Article 18 state about Abolition of titles?,"(1) No title, not being a military or academic
distinction, shall be conferred by the State.",constitution_of_india.pdf,40,Article 18,"18. Abolition of titles.—(1) No title, not being a military or academic
distinction, shall be conferred by the State.
       (2) No citizen of India shall accept any title from any foreign State.
       (3) No person who is not a citizen of India shall, while he holds any
office of profit or trust under the State, accept without the consent of the
President any title from any foreign State.
       (4) No person holding any office of profit or trust under the State shall,
without the consent of the President, accept any present, emolument, or office
of any kind from or under any foreign State.
                             Right to Freedom",direct_factual,,,PENDING_HUMAN_REVIEW,,
f67233b310381d6f,"According to the passage, what happens if the complaint alleges a defect in the goods which cannot be determined without proper analysis or test of the goods?","if the complaint alleges a defect in the goods which cannot be determined
      without proper analysis or test of the goods, obtain a sample of the goods from the
      complainant, seal it and authenticate it in the manner as may be prescribed and refer
      the sample so sealed to the appropriate laboratory along with a direction that such
      laboratory to make an analysis or",consumer_protection_act_2019.pdf,19,,"SEC. 1]         THE GAZETTE OF INDIA EXTRAORDINARY              19


matter for mediation, and in such case, the provisions of Chapter V, relating to mediation,
shall apply.

      38. (1) The District Commission shall, on admission of a complaint, or in respect of   Procedure on
cases referred for mediation on failure of settlement by mediation, proceed with such   admission of
complaint.                                                                                       complaint.

      (2) Where the complaint relates to any goods, the District Commission shall,—

             (a) refer a copy of the admitted complaint, within twenty-one days from the date
      of its admission to the opposite party mentioned in the complaint directing him to give
      his version of the case within a period of thirty days or such extended period not
     exceeding fifteen days as may be granted by it;

             (b) if the opposite party on receipt of a complaint referred to him under clause (a)
      denies or disputes the allegations contained in the complaint, or omits or fails to take
     any action to represent his case within the time given by the District Commission,
     proceed to settle the consumer dispute in the manner specified in clauses (c) to (g);

             (c) if the complaint alleges a defect in the goods which cannot be determined
      without proper analysis or test of the goods, obtain a sample of the goods from the
      complainant, seal it and authenticate it in the manner as may be prescribed and refer
      the sample so sealed to the appropriate laboratory along with a direction that such
      laboratory to make an analysis or test, whichever may be necessary, with a view to
      finding out whether such goods suffer from any defect alleged in the complaint or
     from any other defect and to report its findings thereon to the District Commission
      within a period of forty-five days of the receipt of the reference or within such extended
      period as may be granted by it;

             (d) before any sample of the goods is referred to any appropriate laboratory
     under clause (c), require the complainant to deposit to the credit of the Commission
     such fees as may be specified, for payment to the appropriate laboratory for carrying
      out the necessary analysis or test in relation to the goods in question;

             (e) remit the amount deposited to its credit under clause (d) to the appropriate
      laboratory to enable it to carry out the analysis or test mentioned in clause (c) and on
      receipt of the report from the appropriate laboratory, it shall forward a copy of the
      report along with such remarks as it may feel appropriate to the opposite party;

               (f) if any of the parties disputes the correctness of the findings of the appropriate
      laboratory, or disputes the correctness of the methods of analysis or test adopted by
      the appropriate laboratory, require the opposite party or the complainant to submit in
      writing his objections with regard to the report made by the appropriate laboratory;

             (g) give a reasonable opportunity to the complainant as well as the opposite
      party of being heard as to the correctness or otherwise of the report made by the
      appropriate laboratory and also as to the objection made in relation thereto under
      clause (f) and issue an appropriate order under section 39.

      (3) The District Commission shall, if the complaint admitted by it under sub-section (2)
of section 36 relates to goods in respect of which the procedure specified in sub-section (2)
cannot be followed, or if the complaint relates to any services,—

             (a) refer a copy of such complaint to the opposite party directing him to give his
      version of the case within a period of thirty days or such extended period not exceeding
      fifteen days as may be granted by the District Commission;

             (b) if the opposite party, on receipt of a copy of the complaint, referred to him
     under clause (a) denies or disputes the allegations contained in the complaint, or
     omits or fails to take any action to represent his case within the time given by the
      District Commission, it shall proceed to settle the consumer dispute—",scenario,,,PENDING_HUMAN_REVIEW,,
8cfb200fc613a875,How does the Act define product?,"(33) ""product"" means any article or goods or substance or raw material or any
     extended cycle of such product, which may be in gaseous, liquid, or solid state
      possessing intrinsic value which is capable of delivery either as wholly assembled or
      as a component part and is produced for introduction to trade or commerce, but does
      not include human tissues, blood, blood products and organs;",consumer_protection_act_2019.pdf,6,,"6            THE GAZETTE OF INDIA EXTRAORDINARY         [PART II—


            (30) ""notification"" means a notification published in the Official Gazette and the
     term ""notify"" shall be construed accordingly;

            (31) ""person"" includes—

                       (i) an individual;

                        (ii) a firm whether registered or not;

                        (iii) a Hindu undivided family;

                     (iv) a co-operative society;

                   (v) an association of persons whether registered under the Societies
            Registration Act, 1860 or not;                                                 21 of 1860.

                   (vi) any corporation, company or a body of individuals whether
            incorporated or not;

                      (vii) any artificial juridical person, not falling within any of the preceding
           sub-clauses;

            (32) ""prescribed"" means prescribed by rules made by the Central Government,
       or, as the case may be, the State Government;

            (33) ""product"" means any article or goods or substance or raw material or any
     extended cycle of such product, which may be in gaseous, liquid, or solid state
      possessing intrinsic value which is capable of delivery either as wholly assembled or
      as a component part and is produced for introduction to trade or commerce, but does
      not include human tissues, blood, blood products and organs;

            (34) ""product liability"" means the responsibility of a product manufacturer or
      product seller, of any product or service, to compensate for any harm caused to a
     consumer by such defective product manufactured or sold or by deficiency in services
      relating thereto;

            (35) ""product liability action"" means a complaint filed by a person before a
       District Commission or State Commission or National Commission, as the case may be,
      for claiming compensation for the harm caused to him;

            (36) ""product manufacturer"" means a person who—

                       (i) makes any product or parts thereof; or

                        (ii) assembles parts thereof made by others; or

                        (iii) puts or causes to be put his own mark on any products made by any
            other person; or

                    (iv) makes a product and sells, distributes, leases, installs, prepares,
           packages, labels, markets, repairs, maintains such product or is otherwise involved
            in placing such product for commercial purpose; or

                   (v) designs, produces, fabricates, constructs or re-manufactures any
           product before its sale; or

                     (vi) being a product seller of a product, is also a manufacturer of such
           product;

            (37) ""product seller"", in relation to a product, means a person who, in the course
      of business, imports, sells, distributes, leases, installs, prepares, packages, labels,
      markets, repairs, maintains, or otherwise is involved in placing such product for
     commercial purpose and includes—

                       (i) a manufacturer who is also a product seller; or",definition,,,PENDING_HUMAN_REVIEW,,
dfb9cfb673807a74,What procedure or remedy does the passage describe?,"Appellate jurisdiction of the Supreme Court in appeals from
          High Courts in certain cases.",constitution_of_india.pdf,11,,"(viii)                            Contents

ARTICLES

  115.      Supplementary, additional or excess grants.
  116.     Votes on account, votes of credit and exceptional grants.
  117.      Special provisions as to financial Bills.
                           Procedure Generally
  118.     Rules of procedure.
  119.      Regulation by law of procedure in Parliament in relation to
             financial business.
  120.     Language to be used in Parliament.
  121.      Restriction on discussion in Parliament.
  122.      Courts not to inquire into proceedings of Parliament.
           CHAPTER III.  LEGISLATIVE POWERS OF THE
                          PRESIDENT
  123.     Power of President to promulgate Ordinances during recess of
            Parliament.
              CHAPTER IV.  THE UNION JUDICIARY
  124.     Establishment and constitution of the Supreme Court.
  124A.    National Judicial Appointments Commission.
  124B.    Functions of Commission.
  124C.   Power of Parliament to make law.
  125.      Salaries, etc., of Judges.
  126.     Appointment of acting Chief Justice.
  127.     Appointment of ad hoc Judges.
  128.     Attendance of retired Judges at sittings of the Supreme Court.
  129.    Supreme Court to be a court of record.
  130.     Seat of Supreme Court.
  131.     Original jurisdiction of the Supreme Court.
 [131A.    Exclusive jurisdiction of the Supreme Court in regard to questions
            as to constitutional validity of Central laws.  Omitted.]
  132.     Appellate jurisdiction of the Supreme Court in appeals from
          High Courts in certain cases.
  133.     Appellate jurisdiction of the Supreme Court in appeals from
          High Courts in regard to civil matters.
  134.     Appellate jurisdiction of the Supreme Court in regard to criminal
             matters.",procedure_remedy,,,PENDING_HUMAN_REVIEW,,
7c70beac21aba4f8,What condition or exception does the passage state?,if a Proclamation of Emergency is in operation.,constitution_of_india.pdf,20,,"(xvii)                            Contents

ARTICLES

                    PART XI
         RELATIONS BETWEEN THE UNION AND THE
                       STATES
            CHAPTER I.  LEGISLATIVE RELATIONS
                       Distribution of Legislative Powers
  245.      Extent of laws made by Parliament and by the Legislatures of
             States.
  246.      Subject-matter  of  laws made  by  Parliament  and  by  the
            Legislatures of States.
  246A.    Special provision with respect to goods and services tax.
  247.     Power of Parliament to provide for the establishment of certain
             additional courts.
  248.     Residuary powers of legislation.
  249.     Power of Parliament to legislate with respect to a matter in the
            State List in the national interest.
  250.     Power of Parliament to legislate with respect to any matter in the
            State List if a Proclamation of Emergency is in operation.
  251.      Inconsistency between laws made by Parliament under articles
          249 and 250 and laws made by the Legislatures of States.
  252.     Power of Parliament to legislate for two or more States by
           consent and adoption of such legislation by any other State.
  253.      Legislation for giving effect to international agreements.
  254.      Inconsistency between laws made by Parliament and laws made
          by the Legislatures of States.
  255.     Requirements as to recommendations and previous sanctions to
           be regarded as matters of procedure only.
           CHAPTER II.   ADMINISTRATIVE RELATIONS
                               General
  256.      Obligation of States and the Union.
  257.      Control of the Union over States in certain cases.
 [257A.    Assistance to States by deployment of armed forces or other
            forces of the Union.  Omitted.]
  258.     Power of the Union to confer powers, etc., on States in certain
             cases.",condition_exception,,,PENDING_HUMAN_REVIEW,,
31796fc22fdbf703,How does the Act define unfair trade practice?,"(47) ""unfair trade practice"" means a trade practice which, for the purpose of
     promoting the sale, use or supply of any goods or for the provision of any service,
      adopts any unfair method or unfair or deceptive practice including any of the following
      practices, namely:—

                       (i) making any statement, whether orally or in writing or by visible
            representation including by means of electronic record, which—

                         (a) falsely represents that the goods are of a particular standard,
                   quality, quantity, grade, composition, style or model;",consumer_protection_act_2019.pdf,8,,"8            THE GAZETTE OF INDIA EXTRAORDINARY         [PART II—


     cause significant change in the rights of such consumer, including the following,
     namely:—

                       (i) requiring manifestly excessive security deposits to be given by a
          consumer for the performance of contractual obligations; or

                        (ii) imposing any penalty on the consumer, for the breach of contract
            thereof which is wholly disproportionate to the loss occurred due to such breach
            to the other party to the contract; or

                        (iii) refusing to accept early repayment of debts on payment of applicable
            penalty; or

                     (iv) entitling a party to the contract to terminate such contract unilaterally,
           without reasonable cause; or

                    (v) permitting or has the effect of permitting one party to assign the contract
            to the detriment of the other party who is a consumer, without his consent; or

                     (vi) imposing on the consumer any unreasonable charge, obligation or
            condition which puts such consumer to disadvantage;

            (47) ""unfair trade practice"" means a trade practice which, for the purpose of
     promoting the sale, use or supply of any goods or for the provision of any service,
      adopts any unfair method or unfair or deceptive practice including any of the following
      practices, namely:—

                       (i) making any statement, whether orally or in writing or by visible
            representation including by means of electronic record, which—

                         (a) falsely represents that the goods are of a particular standard,
                   quality, quantity, grade, composition, style or model;

                         (b) falsely represents that the services are of a particular standard,
                  quality or grade;

                         (c) falsely represents any re-built, second-hand, renovated,
                 reconditioned or old goods as new goods;

                         (d) represents that the goods or services have sponsorship, approval,
                performance, characteristics, accessories, uses or benefits which such
               goods or services do not have;

                          (e) represents that the seller or the supplier has a sponsorship or
                 approval or affiliation which such seller or supplier does not have;

                               (f) makes a false or misleading representation concerning the need
                     for, or the usefulness of, any goods or services;

                         (g) gives to the public any warranty or guarantee of the performance,
                  efficacy or length of life of a product or of any goods that is not based on
               an adequate or proper test thereof:

                     Provided that where a defence is raised to the effect that such
                warranty or guarantee is based on adequate or proper test, the burden of
                 proof of such defence shall lie on the person raising such defence;

                         (h) makes to the public a representation in a form that purports to
           be—

                             (A) a warranty or guarantee of a product or of any goods or
                          services; or

                            (B) a promise to replace, maintain or repair an article or any
                         part thereof or to repeat or continue a service until it has achieved a
                        specified result,",definition,,,PENDING_HUMAN_REVIEW,,
69bc916fc3e678fe,"What right, duty, or requirement does the passage state?","Right to Freedom of Religion

  25.",constitution_of_india.pdf,5,,"(ii)                              Contents

ARTICLES

                     PART III

               FUNDAMENTAL RIGHTS
                               General
  12.        Definition.
  13.      Laws inconsistent with or in derogation of the fundamental
              rights.
                                   Right to Equality
  14.       Equality before law.
  15.       Prohibition of discrimination on grounds of religion, race, caste,
           sex or place of birth.
  16.       Equality of opportunity in matters of public employment.
  17.       Abolition of Untouchability.
  18.       Abolition of titles.
                            Right to Freedom

  19.       Protection of certain rights regarding freedom of speech, etc.
  20.       Protection in respect of conviction for offences.
  21.       Protection of life and personal liberty.
  21A.     Right to education.
  22.       Protection against arrest and detention in certain cases.

                        Right against Exploitation

  23.       Prohibition of traffic in human beings and forced labour.
  24.       Prohibition of employment of children in factories, etc.

                      Right to Freedom of Religion

  25.      Freedom  of  conscience  and  free  profession,  practice  and
            propagation of religion.
  26.      Freedom to manage religious affairs.
  27.      Freedom as to payment of taxes for promotion of any particular
             religion.
  28.      Freedom as to attendance at religious instruction or religious
           worship in certain educational institutions.",rights_duties,,,PENDING_HUMAN_REVIEW,,
91f99bdb4ed5bb81,"According to the passage, what happens if such hoarding or destruction or refusal raises or tends to raise or is intended to raise?","if such
                        hoarding or destruction or refusal raises or tends to raise or is intended to raise,
                           the cost of those or other similar goods or services;",consumer_protection_act_2019.pdf,10,,"10           THE GAZETTE OF INDIA EXTRAORDINARY         [PART II—


                  Explanation.—For the purpose of this sub-clause, the participants of a scheme shall
             be deemed to have been informed of the final results of the scheme where such results are
              within a reasonable time published, prominently in the same newspaper in which the scheme
            was originally advertised;

                                      (iv) permitting the sale or supply of goods intended to be used, or are of
                        a kind likely to be used by consumers, knowing or having reason to believe that
                          the goods do not comply with the standards prescribed by the competent
                           authority relating to performance, composition, contents, design, constructions,
                            finishing or packaging as are necessary to prevent or reduce the risk of injury to
                           the person using the goods;

                                    (v) permitting the hoarding or destruction of goods, or refusal to sell the
                       goods or to make them available for sale or to provide any service, if such
                        hoarding or destruction or refusal raises or tends to raise or is intended to raise,
                           the cost of those or other similar goods or services;

                                      (vi) manufacturing of spurious goods or offering such goods for sale or
                         adopting deceptive practices in the provision of services;

                                        (vii) not issuing bill or cash memo or receipt for the goods sold or services
                         rendered in such manner as may be prescribed;

                                         (viii) refusing, after selling goods or rendering services, to take back or
                       withdraw defective goods or to withdraw or discontinue deficient services and
                            to refund the consideration thereof, if paid, within the period stipulated in the
                                 bill or cash memo or receipt or in the absence of such stipulation, within a period
                          of thirty days;

                                    (ix) disclosing to other person any personal information given in
                         confidence by the consumer unless such disclosure is made in accordance with
                           the provisions of any law for the time being in force.

                                   CHAPTER II

                                   CONSUMER PROTECTION COUNCILS

Central                3. (1) The Central Government shall, by notification, establish with effect from such
Consumer      date as it may specify in that notification, the Central Consumer Protection Council to be
Protection
Council.      known as the Central Council.
                      (2) The Central Council shall be an advisory council and consist of the following
             members, namely:—

                            (a) the Minister-in-charge of the Department of Consumer Affairs in the Central
                  Government, who shall be the Chairperson; and

                            (b) such number of other official or non-official members representing such
                       interests as may be prescribed.

Procedure for          4. (1) The Central Council shall meet as and when necessary, but at least one meeting
meetings of     of the Council shall be held every year.
Central
Council.              (2) The Central Council shall meet at such time and place as the Chairperson may think
                    fit and shall observe such procedure in regard to the transaction of its business as may be
               prescribed.

Objects of             5. The objects of the Central Council shall be to render advice on promotion and
Central         protection of the consumers' rights under this Act.
Council.",scenario,,,PENDING_HUMAN_REVIEW,,
e2e768a3d3813a9e,"What does Article 19 state about Protection of certain rights regarding freedom of speech, etc?","(1) All citizens shall have the right—
          (a) to freedom of speech and expression;
          (b) to assemble peaceably and without arms;
           (c) to form associations or unions 2[or co-operative societies];
          (d) to move freely throughout the territory of India;

______________________________________________
1.",constitution_of_india.pdf,40,Article 19,"19. Protection of certain rights regarding freedom of speech, etc.—
(1) All citizens shall have the right—
          (a) to freedom of speech and expression;
          (b) to assemble peaceably and without arms;
           (c) to form associations or unions 2[or co-operative societies];
          (d) to move freely throughout the territory of India;

______________________________________________
1.  Ins. by  the  Constitution  (One  Hundred  and  Third Amendment)  Act,  2019,  s. 3
   (w.e.f. 14-1-2019).
2. Ins. by the Constitution (Ninety-seventh Amendment) Act, 2011, s. 2 (w.e.f. 8-2-2012).",direct_factual,,,PENDING_HUMAN_REVIEW,,
6ad655d919f95c7e,How does the Act define defect?,"(10) ""defect"" means any fault, imperfection or shortcoming in the quality,
      quantity, potency, purity or standard which is required to be maintained by or under
     any law for the time being in force or under any contract, express or implied or as is
     claimed by the trader in any manner whatsoever in relation to any goods or product
     and the expression ""defective"" shall be construed accordingly;",consumer_protection_act_2019.pdf,4,,"4            THE GAZETTE OF INDIA EXTRAORDINARY         [PART II—


                        (iii) the right to be assured, wherever possible, access to a variety of
           goods, products or services at competitive prices;

                     (iv) the right to be heard and to be assured that consumer's interests will
            receive due consideration at appropriate fora;

                    (v) the right to seek redressal against unfair trade practice or restrictive
            trade practices or unscrupulous exploitation of consumers; and

                     (vi) the right to consumer awareness;

           (10) ""defect"" means any fault, imperfection or shortcoming in the quality,
      quantity, potency, purity or standard which is required to be maintained by or under
     any law for the time being in force or under any contract, express or implied or as is
     claimed by the trader in any manner whatsoever in relation to any goods or product
     and the expression ""defective"" shall be construed accordingly;

            (11) ""deficiency"" means any fault, imperfection, shortcoming or inadequacy in
      the quality, nature and manner of performance which is required to be maintained by or
     under any law for the time being in force or has been undertaken to be performed by a
     person in pursuance of a contract or otherwise in relation to any service and includes—

                       (i) any act of negligence or omission or commission by such person which
           causes loss or injury to the consumer; and

                        (ii) deliberate withholding of relevant information by such person to the
          consumer;

            (12) ""design"", in relation to a product, means the intended or known physical
     and material characteristics of such product and includes any intended or known
     formulation or content of such product and the usual result of the intended
     manufacturing or other process used to produce such product;

            (13) ""direct selling"" means marketing, distribution and sale of goods or provision
      of services through a network of sellers, other than through a permanent retail location;

           (14) ""Director-General"" means the Director-General appointed under
      sub-section (2) of section 15;

            (15) ""District Commission"" means a District Consumer Disputes Redressal
     Commission established under sub-section (1) of section 28;

            (16) ""e-commerce"" means buying or selling of goods or services including
       digital products over digital or electronic network;

            (17) ""electronic service provider"" means a person who provides technologies
      or processes to enable a product seller to engage in advertising or selling goods or
      services to a consumer and includes any online market place or online auction sites;

            (18) ""endorsement"", in relation to an advertisement, means—

                       (i) any message, verbal statement, demonstration; or

                        (ii) depiction of the name, signature, likeness or other identifiable personal
             characteristics of an individual; or

                        (iii) depiction of the name or seal of any institution or organisation,

which makes the consumer to believe that it reflects the opinion, finding or experience of the
person making such endorsement;

           (19) ""establishment"" includes an advertising agency, commission agent,
      manufacturing, trading or any other commercial agency which carries on any business,
      trade or profession or any work in connection with or incidental or ancillary to any",definition,,,PENDING_HUMAN_REVIEW,,
a35a2c17bbd0c16f,What does Article 14 state about Equality before law?,"The State shall not deny to any person
equality before the law or the equal protection of the laws within the territory of
India.",constitution_of_india.pdf,37,Article 14,"14. Equality before law.—The State shall not deny to any person
equality before the law or the equal protection of the laws within the territory of
India.
      15. Prohibition of discrimination on grounds of religion, race, caste,
sex or place of birth.—(1) The State shall not discriminate against any citizen
on grounds only of religion, race, caste, sex, place of birth or any of them.
       (2) No citizen shall, on grounds only of religion, race, caste, sex, place of
birth or any of them, be subject to any disability,  liability, restriction or
condition with regard to—

______________________________________________
1. Ins. by the Constitution (Twenty-fourth Amendment) Act, 1971, s. 2 (w.e.f. 5-11-1971).

                               6",direct_factual,,,PENDING_HUMAN_REVIEW,,
50c593c79519232d,"According to the passage, what happens if the Central Authority is of the opinion that it is necessary to impose a penalty in respect of such false or misleading advertisement?","if the Central Authority
                  is of the opinion that it is necessary to impose a penalty in respect of such false or misleading
               advertisement, by a manufacturer or an endorser, it may, by order, impose on manufacturer or
              endorser a penalty which may extend to ten lakh rupees:

                   Provided that the Central Authority may, for every subsequent contravention by a",consumer_protection_act_2019.pdf,14,,"14           THE GAZETTE OF INDIA EXTRAORDINARY         [PART II—


                                   (j) issue safety notices to alert consumers against dangerous or hazardous or
                   unsafe goods or services;

                             (k) advise the Ministries and Departments of the Central and State Governments
                 on consumer welfare measures;

                                  (l) issue necessary guidelines to prevent unfair trade practices and protect
                   consumers' interest.

Power of             19. (1) The Central Authority may, after receiving any information or complaint or
Central         directions from the Central Government or of its own motion, conduct or cause to be conducted
Authority to
refer matter    a preliminary inquiry as to whether there exists a prima facie case of violation of consumer
for             rights or any unfair trade practice or any false or misleading advertisement, by any person,
investigation   which is prejudicial to the public interest or to the interests of consumers and if it is satisfied
or to other      that there exists a prima facie case, it shall cause investigation to be made by the Director-
Regulator.
             General or by the District Collector.

                      (2) Where, after preliminary inquiry, the Central Authority is of the opinion that the
              matter is to be dealt with by a Regulator established under any other law for the time being
               in force, it may refer such matter to the concerned Regulator along with its report.

                      (3) For the purposes of investigation under sub-section (1), the Central Authority, the
             Director General or the District Collector may call upon a person referred to in
               sub-section (1) and also direct him to produce any document or record in his possession.

Power of             20. Where the Central Authority is satisfied on the basis of investigation that there is
Central         sufficient evidence to show violation of consumer rights or unfair trade practice by a person,
Authority to      it may pass such order as may be necessary, including—
recall goods,
etc.                         (a) recalling of goods or withdrawal of services which are dangerous, hazardous
                    or unsafe;

                            (b) reimbursement of the prices of goods or services so recalled to purchasers of
                  such goods or services; and

                             (c) discontinuation of practices which are unfair and prejudicial to consumers'
                        interest:

                   Provided that the Central Authority shall give the person an opportunity of being
              heard before passing an order under this section.

Power of            21. (1) Where the Central Authority is satisfied after investigation that any
Central        advertisement is false or misleading and is prejudicial to the interest of any consumer or is in
Authority to    contravention of consumer rights, it may, by order, issue directions to the concerned trader
issue
              or manufacturer or endorser or advertiser or publisher, as the case may be, to discontinuedirections and
penalties      such advertisement or to modify the same in such manner and within such time as may be
against false     specified in that order.
or misleading
advertisements.
                      (2) Notwithstanding the order passed under sub-section (1), if the Central Authority
                  is of the opinion that it is necessary to impose a penalty in respect of such false or misleading
               advertisement, by a manufacturer or an endorser, it may, by order, impose on manufacturer or
              endorser a penalty which may extend to ten lakh rupees:

                   Provided that the Central Authority may, for every subsequent contravention by a
              manufacturer or endorser, impose a penalty, which may extend to fifty lakh rupees.

                     (3) Notwithstanding any order under sub-sections (1) and (2), where the Central
              Authority deems it necessary, it may, by order, prohibit the endorser of a false or misleading
              advertisement from making endorsement of any product or service for a period which may
              extend to one year:",scenario,,,PENDING_HUMAN_REVIEW,,
2aaf6c48d064abb6,How does the Act define express warranty?,"(20) ""express warranty"" means any material statement, affirmation of fact, promise
                    or description relating to a product or service warranting that it conforms to such
                    material statement, affirmation, promise or description and includes any sample or
                 model of a product warranting that the whole of such product conforms to such
                  sample or model;",consumer_protection_act_2019.pdf,5,,"SEC. 1]         THE GAZETTE OF INDIA EXTRAORDINARY               5


                  commercial activity, trade or profession, or such other class or classes of persons
                    including public utility entities in the manner as may be prescribed;

                           (20) ""express warranty"" means any material statement, affirmation of fact, promise
                    or description relating to a product or service warranting that it conforms to such
                    material statement, affirmation, promise or description and includes any sample or
                 model of a product warranting that the whole of such product conforms to such
                  sample or model;

                          (21) ""goods"" means every kind of movable property and includes ""food"" as
                    defined in clause (j) of sub-section (1) of section 3 of the Food Safety and Standards
34 of 2006.          Act, 2006;

                          (22) ""harm"", in relation to a product liability, includes—

                                          (i) damage to any property, other than the product itself;

                                           (ii) personal injury, illness or death;

                                            (iii) mental agony or emotional distress attendant to personal injury or
                              illness or damage to property; or

                                      (iv) any loss of consortium or services or other loss resulting from a harm
                           referred to in sub-clause (i) or sub-clause (ii) or sub-clause (iii),

                    but shall not include any harm caused to a product itself or any damage to the property
                 on account of breach of warranty conditions or any commercial or economic loss,
                    including any direct, incidental or consequential loss relating thereto;

                          (23) ""injury"" means any harm whatever illegally caused to any person, in body,
                mind or property;

                          (24) ""manufacturer"" means a person who—

                                          (i) makes any goods or parts thereof; or

                                           (ii) assembles any goods or parts thereof made by others; or

                                            (iii) puts or causes to be put his own mark on any goods made by any
                          other person;

                          (25) ""mediation"" means the process by which a mediator mediates the consumer
                    disputes;

                          (26) ""mediator"" means a mediator referred to in section 75;

                          (27) ""member"" includes the President and a member of the National Commission
                    or a State Commission or a District Commission, as the case may be;

                          (28) ""misleading advertisement"" in relation to any product or service, means an
                    advertisement, which—

                                          (i) falsely describes such product or service; or

                                           (ii) gives a false guarantee to, or is likely to mislead the consumers as to
                          the nature, substance, quantity or quality of such product or service; or

                                            (iii) conveys an express or implied representation which, if made by the
                        manufacturer or seller or service provider thereof, would constitute an unfair
                           trade practice; or

                                      (iv) deliberately conceals important information;

                          (29) ""National Commission"" means the National Consumer Disputes Redressal
                 Commission established under sub-section (1) of section 53;",definition,,,PENDING_HUMAN_REVIEW,,
3b5f6a47ff08c2d6,What does Article 5 state about Citizenship at the commencement of the Constitution?,"At the
commencement of this Constitution, every person who has his domicile in the
territory of India and—
             (a) who was born in the territory of India; or
             (b) either of whose parents was born in the territory of India; or
              (c) who has been ordinarily resident in the territory of India for
      not less than five years immediately preceding such commencement,
shall be a citizen of India.",constitution_of_india.pdf,35,Article 5,"5. Citizenship at the commencement of the Constitution.—At the
commencement of this Constitution, every person who has his domicile in the
territory of India and—
             (a) who was born in the territory of India; or
             (b) either of whose parents was born in the territory of India; or
              (c) who has been ordinarily resident in the territory of India for
      not less than five years immediately preceding such commencement,
shall be a citizen of India.
       6. Rights of citizenship of certain persons who have migrated to
India from Pakistan.—Notwithstanding anything in article 5, a person who
has migrated to the territory of India from the territory now included in
Pakistan shall be deemed to be a citizen of India at the commencement of this
Constitution if—
             (a) he or either of his parents or any of his grand-parents was born
       in India as defined in the Government of India Act, 1935 (as originally
       enacted); and
               (b)(i) in the case where such person has so migrated before the
      nineteenth day of July, 1948, he has been ordinarily resident in the
       territory of India since the date of his migration, or
                 (ii) in the case where such person has so migrated on or after the
      nineteenth day of July, 1948, he has been registered as a citizen of India
     by an  officer appointed  in  that behalf by the Government  of  the
     Dominion of India on an application made by him therefor to such
       officer before the commencement of this Constitution in the form and
     manner prescribed by that Government:
      Provided that no person shall be so registered unless he has been resident
in the territory of India for at least six months immediately preceding the date
of his application.",direct_factual,,,PENDING_HUMAN_REVIEW,,
af95c96203ee4e56,"According to the passage, what happens if the interest of justice so requires. Procedure 49. (1) The provisions relating to complaints under sections 35?","if the interest of justice so
                requires.

Procedure            49. (1) The provisions relating to complaints under sections 35, 36, 37, 38 and 39 shall,
applicable to    with such modifications as may be necessary, be applicable to the disposal of complaints by
State           the State Commission.",consumer_protection_act_2019.pdf,24,,"24           THE GAZETTE OF INDIA EXTRAORDINARY         [PART II—


             be decided according to the opinion of the majority of the members who have heard the case,
              including those who first heard it:

                   Provided that the President or the other members, as the case may be, shall give
              opinion on the point or points so referred within a period of one month from the date of such
               reference.

                      (4) A complaint shall be instituted in a State Commission within the limits of whose
               jurisdiction,—

                            (a) the opposite party or each of the opposite parties, where there are more than
                    one, at the time of the institution of the complaint, ordinarily resides or carries on
                    business or has a branch office or personally works for gain; or

                            (b) any of the opposite parties, where there are more than one, at the time of the
                       institution of the complaint, actually and voluntarily resides, or carries on business or
                   has a branch office or personally works for gain, provided in such case, the permission
                    of the State Commission is given; or

                             (c) the cause of action, wholly or in part, arises; or

                            (d) the complainant resides or personally works for gain.

Transfer of           48. On the application of the complainant or of its own motion, the State Commission
cases.        may, at any stage of the proceeding, transfer any complaint pending before a District
            Commission to another District Commission within the State if the interest of justice so
                requires.

Procedure            49. (1) The provisions relating to complaints under sections 35, 36, 37, 38 and 39 shall,
applicable to    with such modifications as may be necessary, be applicable to the disposal of complaints by
State           the State Commission.Commission.
                      (2) Without prejudice to the provisions of sub-section (1), the State Commission may
               also declare any terms of contract, which is unfair to any consumer, to be null and void.

Review by            50. The State Commission shall have the power to review any of the order passed by
State               it if there is an error apparent on the face of the record, either of its own motion or on an
Commission in  application made by any of the parties within thirty days of such order.certain cases.

Appeal to            51. (1) Any person aggrieved by an order made by the State Commission in exercise of
National          its powers conferred by sub-clause (i) or (ii) of clause (a) of sub-section (1) of section 47
Commission.   may prefer an appeal against such order to the National Commission within a period of thirty
             days from the date of the order in such form and manner as may be prescribed:

                   Provided that the National Commission shall not entertain the appeal after the expiry
              of the said period of thirty days unless it is satisfied that there was sufficient cause for not
                 filing it within that period:

                   Provided further that no appeal by a person, who is required to pay any amount in
              terms of an order of the State Commission, shall be entertained by the National Commission
              unless the appellant has deposited fifty per cent. of that amount in the manner as may be
               prescribed.

                      (2) Save as otherwise expressly provided under this Act or by any other law for the
              time being in force, an appeal shall lie to the National Commission from any order passed in
              appeal by any State Commission, if the National Commission is satisfied that the case
              involves a substantial question of law.

                      (3) In an appeal involving a question of law, the memorandum of appeal shall precisely
                state the substantial question of law involved in the appeal.

                      (4) Where the National Commission is satisfied that a substantial question of law is
              involved in any case, it shall formulate that question and hear the appeal on that question:",scenario,,,PENDING_HUMAN_REVIEW,,
6dbe887ae8ae18cf,What does Article 7 state about Rights of citizenship of certain migrants to Pakistan?,"Notwithstanding anything in articles 5 and 6, a person who has after the first
day of March, 1947, migrated from the territory of India to the territory now
included in Pakistan shall not be deemed to be a citizen of India:

                               4",constitution_of_india.pdf,35,Article 7,"7.  Rights  of  citizenship  of  certain  migrants  to  Pakistan.—
Notwithstanding anything in articles 5 and 6, a person who has after the first
day of March, 1947, migrated from the territory of India to the territory now
included in Pakistan shall not be deemed to be a citizen of India:

                               4",direct_factual,,,PENDING_HUMAN_REVIEW,,
478556e4287f48c9,"According to the passage, what happens if it deems fit?","if it deems fit, establish more than oneCommission.",consumer_protection_act_2019.pdf,16,,"16           THE GAZETTE OF INDIA EXTRAORDINARY         [PART II—


Designation          23. The Central Government may, if it considers necessary, by notification, designate
of any        any statutory authority or body to exercise the powers and perform the functions of the
statutory       Central Authority referred to in section 10.authority or
body to
function as
Central
Authority.

Appeal.             24. A person aggrieved by any order passed by the Central Authority under
               sections 20 and 21 may file an appeal to the National Commission within a period of thirty
             days from the date of receipt of such order.

Grants by            25. The Central Government may, after due appropriation made by Parliament by law in
Central         this behalf, make to the Central Authority grants of such sums of money as that Government
Government.          may think fit for being utilised for the purposes of this Act.

Accounts and         26. (1) The Central Authority shall maintain proper accounts and other relevant records
audit.         and prepare an annual statement of accounts in such form and manner as may be prescribed
                in consultation with the Comptroller and Auditor-General of India.

                      (2) The accounts of the Central Authority shall be audited by the Comptroller and
              Auditor-General of India at such intervals as may be specified by him and any expenditure
              incurred in connection with such audit shall be payable by the Central Authority to the
              Comptroller and Auditor-General of India.

                      (3) The Comptroller and Auditor-General of India or any other person appointed by
            him in connection with the audit of the accounts of the Central Authority shall have the same
                rights, privileges and authority in connection with such audit as the Comptroller and
              Auditor-General of India generally has, in connection with the audit of the Government
              accounts and, in particular, shall have the right to demand the production of books, accounts,
             connected vouchers and other documents and papers and to inspect any of the offices of
               the Central Authority.

                     (4) The accounts of the Central Authority as certified by the Comptroller and
              Auditor-General of India or any other person appointed by him in this behalf together with
               the audit report thereon shall be forwarded annually to the Central Government which shall
              cause the same to be laid before each House of Parliament.

Furnishing of         27. (1) The Central Authority shall prepare once in every year, in such form, manner
annual        and at such time as may be prescribed, an annual report giving full account of its activities
reports, etc.
              during the previous year and such other reports and returns, as may be directed, and copies
              of such report and returns shall be forwarded to the Central Government.

                      (2) A copy of the annual report received under sub-section (1) shall be laid, as soon as
          may be after it is received, before each House of Parliament.

                                   CHAPTER IV

                                 CONSUMER DISPUTES REDRESSAL COMMISSION

Establishment        28. (1) The State Government shall, by notification, establish a District Consumer
of District      Disputes Redressal Commission, to be known as the District Commission, in each district of
Consumer
Disputes        the State:
Redressal                   Provided that the State Government may, if it deems fit, establish more than oneCommission.
                District Commission in a district.
                      (2) Each District Commission shall consist of—
                            (a) a President; and
                            (b) not less than two and not more than such number of members as may be
                     prescribed, in consultation with the Central Government.",scenario,,,PENDING_HUMAN_REVIEW,,
31d333339730bfc2,What does Article 16 state about Equality of opportunity in matters of public employment?,"(1)
There shall be equality of opportunity for all citizens in matters relating to
employment or appointment to any office under the State.",constitution_of_india.pdf,39,Article 16,"16. Equality of opportunity in matters of public employment.—(1)
There shall be equality of opportunity for all citizens in matters relating to
employment or appointment to any office under the State.
       (2) No citizen shall, on grounds only of religion, race, caste, sex, descent,
place of birth, residence or any of them, be ineligible for, or discriminated against
in respect of, any employment or office under the State.
       (3) Nothing in this article shall prevent Parliament from making any law
prescribing, in regard to a class or classes of employment or appointment to an
office 1[under the Government of, or any local or other authority within, a State
or Union territory, any requirement as to residence within that State or Union
territory] prior to such employment or appointment.
       (4) Nothing in this article shall prevent the State from making any
provision  for the reservation  of appointments or posts in favour of any
backward class of citizens which, in the opinion of the State, is not adequately
represented in the services under the State.
      2[(4A) Nothing in this article shall prevent the State from making any
provision  for  reservation  3[in  matters  of  promotion,  with  consequential
seniority, to any class] or classes of posts in the services under the State in
favour of the Scheduled Castes and the Scheduled Tribes which, in the opinion
of the State, are not adequately represented in the services under the State.]
      4[(4B) Nothing in this article shall prevent the State from considering
any unfilled vacancies of a year which are reserved for being filled up in that
year in accordance with any provision for reservation made under clause (4) or
clause (4A) as a separate class of vacancies to be filled up in any succeeding
year or years and such class of vacancies shall not be considered together with
the vacancies of the year in which they are being filled up for determining the
ceiling of fifty per cent. reservation on total number of vacancies of that year.]
______________________________________________
1. Subs. by the Constitution (Seventh Amendment) Act, 1956, s. 29 and Sch., for ""under
  any State specified in the First Schedule or any local or other authority within  its
   territory, any requirement as to residence within that State"" (w.e.f. 1-11-1956).
2. Ins. by the Constitution (Seventy-seventh Amendment) Act, 1995, s. 2 (w.e.f. 17-6-1995).
3. Subs. by the Constitution (Eighty-fifth Amendment) Act, 2001, s. 2, for certain words
   (retrospectively) (w.e.f. 17-6-1995).
4. Ins. by the Constitution (Eighty-first Amendment) Act, 2000, s. 2 (w.e.f. 9-6-2000).",direct_factual,,,PENDING_HUMAN_REVIEW,,
c4a5713fb9e61bba,How does the Act define regulations?,"(39) ""regulations"" means the regulations made by the National Commission, or
      as the case may be, the Central Authority;",consumer_protection_act_2019.pdf,7,,"SEC. 1]         THE GAZETTE OF INDIA EXTRAORDINARY               7


                        (ii) a service provider,

           but does not include—

                   (a) a seller of immovable property, unless such person is engaged in the
            sale of constructed house or in the construction of homes or flats;

                   (b) a provider of professional services in any transaction in which, the
            sale or use of a product is only incidental thereto, but furnishing of opinion, skill
            or services being the essence of such transaction;

                    (c) a person who—

                             (I) acts only in a financial capacity with respect to the sale of the
                 product;

                              (II) is not a manufacturer, wholesaler, distributor, retailer, direct seller
                 or an electronic service provider;

                             (III) leases a product, without having a reasonable opportunity to
                  inspect and discover defects in the product, under a lease arrangement in
              which the selection, possession, maintenance, and operation of the
                 product are controlled by a person other than the lessor;

            (38) ""product service provider"", in relation to a product, means a person who
      provides any service in respect of such product;

            (39) ""regulations"" means the regulations made by the National Commission, or
      as the case may be, the Central Authority;

            (40) ""Regulator"" means a body or any authority established under any other
     law for the time being in force;

            (41) ""restrictive trade practice"" means a trade practice which tends to bring
     about manipulation of price or its conditions of delivery or to affect flow of supplies in
      the market relating to goods or services in such a manner as to impose on the consumers
      unjustified costs or restrictions and shall include—

                       (i) delay beyond the period agreed to by a trader in supply of such goods
            or in providing the services which has led or is likely to lead to rise in the price;

                        (ii) any trade practice which requires a consumer to buy, hire or avail of
          any goods or, as the case may be, services as condition precedent for buying,
            hiring or availing of other goods or services;

            (42) ""service"" means service of any description which is made available to
      potential users and includes, but not limited to, the provision of facilities in connection
     with banking, financing, insurance, transport, processing, supply of electrical or other
      energy, telecom, boarding or lodging or both, housing construction, entertainment,
     amusement or the purveying of news or other information, but does not include the
      rendering of any service free of charge or under a contract of personal service;

           (43) ""spurious goods"" means such goods which are falsely claimed to be
     genuine;

           (44) ""State Commission"" means a State Consumer Disputes Redressal
     Commission established under sub-section (1) of section 42;

            (45) ""trader"", in relation to any goods, means a person who sells or distributes
     any goods for sale and includes the manufacturer thereof, and where such goods are
      sold or distributed in package form, includes the packer thereof;

            (46) ""unfair contract"" means a contract between a manufacturer or trader or
      service provider on one hand, and a consumer on the other, having such terms which",definition,,,PENDING_HUMAN_REVIEW,,
b76d7bcaf35dc207,What does Article 1 state about Name and territory of the Union?,"(1) India, that is Bharat,
shall be a Union of States.",constitution_of_india.pdf,33,Article 1,"1. Name and territory of the Union.—(1) India, that is Bharat,
shall be a Union of States.
      1[(2) The States and the territories thereof shall be as specified in
the First Schedule.]
      (3) The territory of India shall comprise—
            (a) the territories of the States;
             2[(b) the Union territories specified in the First Schedule;
     and]
             (c) such other territories as may be acquired.",direct_factual,,,PENDING_HUMAN_REVIEW,,
201eff2ab4cba732,"According to the passage, what happens if the complaint admitted by it under sub-section (2) of section 36 relates to goods in respect of which the procedure specified in sub-section (2) cannot be followed?","if the complaint admitted by it under sub-section (2)
of section 36 relates to goods in respect of which the procedure specified in sub-section (2)
cannot be followed, or if the complaint relates to any services,—

             (a) refer a copy of such complaint to the opposite party directing him to give his
      version of the case within a period of thirty days or such extended period not exceeding
      fifteen days as",consumer_protection_act_2019.pdf,19,,"SEC. 1]         THE GAZETTE OF INDIA EXTRAORDINARY              19


matter for mediation, and in such case, the provisions of Chapter V, relating to mediation,
shall apply.

      38. (1) The District Commission shall, on admission of a complaint, or in respect of   Procedure on
cases referred for mediation on failure of settlement by mediation, proceed with such   admission of
complaint.                                                                                       complaint.

      (2) Where the complaint relates to any goods, the District Commission shall,—

             (a) refer a copy of the admitted complaint, within twenty-one days from the date
      of its admission to the opposite party mentioned in the complaint directing him to give
      his version of the case within a period of thirty days or such extended period not
     exceeding fifteen days as may be granted by it;

             (b) if the opposite party on receipt of a complaint referred to him under clause (a)
      denies or disputes the allegations contained in the complaint, or omits or fails to take
     any action to represent his case within the time given by the District Commission,
     proceed to settle the consumer dispute in the manner specified in clauses (c) to (g);

             (c) if the complaint alleges a defect in the goods which cannot be determined
      without proper analysis or test of the goods, obtain a sample of the goods from the
      complainant, seal it and authenticate it in the manner as may be prescribed and refer
      the sample so sealed to the appropriate laboratory along with a direction that such
      laboratory to make an analysis or test, whichever may be necessary, with a view to
      finding out whether such goods suffer from any defect alleged in the complaint or
     from any other defect and to report its findings thereon to the District Commission
      within a period of forty-five days of the receipt of the reference or within such extended
      period as may be granted by it;

             (d) before any sample of the goods is referred to any appropriate laboratory
     under clause (c), require the complainant to deposit to the credit of the Commission
     such fees as may be specified, for payment to the appropriate laboratory for carrying
      out the necessary analysis or test in relation to the goods in question;

             (e) remit the amount deposited to its credit under clause (d) to the appropriate
      laboratory to enable it to carry out the analysis or test mentioned in clause (c) and on
      receipt of the report from the appropriate laboratory, it shall forward a copy of the
      report along with such remarks as it may feel appropriate to the opposite party;

               (f) if any of the parties disputes the correctness of the findings of the appropriate
      laboratory, or disputes the correctness of the methods of analysis or test adopted by
      the appropriate laboratory, require the opposite party or the complainant to submit in
      writing his objections with regard to the report made by the appropriate laboratory;

             (g) give a reasonable opportunity to the complainant as well as the opposite
      party of being heard as to the correctness or otherwise of the report made by the
      appropriate laboratory and also as to the objection made in relation thereto under
      clause (f) and issue an appropriate order under section 39.

      (3) The District Commission shall, if the complaint admitted by it under sub-section (2)
of section 36 relates to goods in respect of which the procedure specified in sub-section (2)
cannot be followed, or if the complaint relates to any services,—

             (a) refer a copy of such complaint to the opposite party directing him to give his
      version of the case within a period of thirty days or such extended period not exceeding
      fifteen days as may be granted by the District Commission;

             (b) if the opposite party, on receipt of a copy of the complaint, referred to him
     under clause (a) denies or disputes the allegations contained in the complaint, or
     omits or fails to take any action to represent his case within the time given by the
      District Commission, it shall proceed to settle the consumer dispute—",scenario,,,PENDING_HUMAN_REVIEW,,
c14408df5ae415ab,What does Article 17 state about Abolition of Untouchability?,"“Untouchability” is abolished and its
practice in any form is forbidden.",constitution_of_india.pdf,40,Article 17,"17. Abolition of Untouchability.—“Untouchability” is abolished and its
practice in any form is forbidden. The enforcement of any disability arising out
of “Untouchability” shall be an offence punishable in accordance with law.",direct_factual,,,PENDING_HUMAN_REVIEW,,
817bdd98c775da0f,How does Section 2(2) define appropriate laboratory?,"(2) ""appropriate laboratory"" means a laboratory or an organisation—

                                          (i) recognised by the Central Government;",consumer_protection_act_2019.pdf,2,Section 2(2),"2. In this Act, unless the context otherwise requires,—

                           (1) ""advertisement"" means any audio or visual publicity, representation,
                  endorsement or pronouncement made by means of light, sound, smoke, gas, print,
                     electronic media, internet or website and includes any notice, circular, label, wrapper,
                    invoice or such other documents;

                            (2) ""appropriate laboratory"" means a laboratory or an organisation—

                                          (i) recognised by the Central Government; or

                                           (ii) recognised by a State Government, subject to such guidelines as may
                       be issued by the Central Government in this behalf; or

                                            (iii) established by or under any law for the time being in force, which is
                          maintained, financed or aided by the Central Government or a State Government
                            for carrying out analysis or test of any goods with a view to determining whether
                        such goods suffer from any defect;

                            (3) ""branch office"" means—

                                           (i) any office or place of work described as a branch by the establishment; or

                                           (ii) any establishment carrying on either the same or substantially the
                     same activity carried on by the head office of the establishment;

                           (4) ""Central Authority"" means the Central Consumer Protection Authority
                     established under section 10;

                            (5) ""complainant"" means—

                                          (i) a consumer; or

                                           (ii) any voluntary consumer association registered under any law for the
                        time being in force; or

                                            (iii) the Central Government or any State Government; or

                                      (iv) the Central Authority; or

                                    (v) one or more consumers, where there are numerous consumers having
                           the same interest; or

                                      (vi) in case of death of a consumer, his legal heir or legal representative; or

                                        (vii) in case of a consumer being a minor, his parent or legal guardian;

                            (6) ""complaint"" means any allegation in writing, made by a complainant for
                    obtaining any relief provided by or under this Act, that—

                                          (i) an unfair contract or unfair trade practice or a restrictive trade practice
                        has been adopted by any trader or service provider;

                                           (ii) the goods bought by him or agreed to be bought by him suffer from
                      one or more defects;

                                            (iii) the services hired or availed of or agreed to be hired or availed of by
                     him suffer from any deficiency;

                                      (iv) a trader or a service provider, as the case may be, has charged for the
                       goods or for the services mentioned in the complaint, a price in excess of the
                      price—

                                         (a) fixed by or under any law for the time being in force; or",definition,,,PENDING_HUMAN_REVIEW,,
5ae4717c2e44d14a,What does Article 10 state about Continuance of the rights of citizenship?,"Every person who is or
is deemed to be a citizen of India under any of the foregoing provisions of this
Part shall, subject to the provisions of any law that may be made by Parliament,
continue to be such citizen.",constitution_of_india.pdf,36,Article 10,"10. Continuance of the rights of citizenship.—Every person who is or
is deemed to be a citizen of India under any of the foregoing provisions of this
Part shall, subject to the provisions of any law that may be made by Parliament,
continue to be such citizen.",direct_factual,,,PENDING_HUMAN_REVIEW,,
ec4b088d67c22e55,"According to the passage, what happens if it is satisfied or to other that there exists a prima facie case?","if it is satisfied
or to other      that there exists a prima facie case, it shall cause investigation to be made by the Director-
Regulator.",consumer_protection_act_2019.pdf,14,,"14           THE GAZETTE OF INDIA EXTRAORDINARY         [PART II—


                                   (j) issue safety notices to alert consumers against dangerous or hazardous or
                   unsafe goods or services;

                             (k) advise the Ministries and Departments of the Central and State Governments
                 on consumer welfare measures;

                                  (l) issue necessary guidelines to prevent unfair trade practices and protect
                   consumers' interest.

Power of             19. (1) The Central Authority may, after receiving any information or complaint or
Central         directions from the Central Government or of its own motion, conduct or cause to be conducted
Authority to
refer matter    a preliminary inquiry as to whether there exists a prima facie case of violation of consumer
for             rights or any unfair trade practice or any false or misleading advertisement, by any person,
investigation   which is prejudicial to the public interest or to the interests of consumers and if it is satisfied
or to other      that there exists a prima facie case, it shall cause investigation to be made by the Director-
Regulator.
             General or by the District Collector.

                      (2) Where, after preliminary inquiry, the Central Authority is of the opinion that the
              matter is to be dealt with by a Regulator established under any other law for the time being
               in force, it may refer such matter to the concerned Regulator along with its report.

                      (3) For the purposes of investigation under sub-section (1), the Central Authority, the
             Director General or the District Collector may call upon a person referred to in
               sub-section (1) and also direct him to produce any document or record in his possession.

Power of             20. Where the Central Authority is satisfied on the basis of investigation that there is
Central         sufficient evidence to show violation of consumer rights or unfair trade practice by a person,
Authority to      it may pass such order as may be necessary, including—
recall goods,
etc.                         (a) recalling of goods or withdrawal of services which are dangerous, hazardous
                    or unsafe;

                            (b) reimbursement of the prices of goods or services so recalled to purchasers of
                  such goods or services; and

                             (c) discontinuation of practices which are unfair and prejudicial to consumers'
                        interest:

                   Provided that the Central Authority shall give the person an opportunity of being
              heard before passing an order under this section.

Power of            21. (1) Where the Central Authority is satisfied after investigation that any
Central        advertisement is false or misleading and is prejudicial to the interest of any consumer or is in
Authority to    contravention of consumer rights, it may, by order, issue directions to the concerned trader
issue
              or manufacturer or endorser or advertiser or publisher, as the case may be, to discontinuedirections and
penalties      such advertisement or to modify the same in such manner and within such time as may be
against false     specified in that order.
or misleading
advertisements.
                      (2) Notwithstanding the order passed under sub-section (1), if the Central Authority
                  is of the opinion that it is necessary to impose a penalty in respect of such false or misleading
               advertisement, by a manufacturer or an endorser, it may, by order, impose on manufacturer or
              endorser a penalty which may extend to ten lakh rupees:

                   Provided that the Central Authority may, for every subsequent contravention by a
              manufacturer or endorser, impose a penalty, which may extend to fifty lakh rupees.

                     (3) Notwithstanding any order under sub-sections (1) and (2), where the Central
              Authority deems it necessary, it may, by order, prohibit the endorser of a false or misleading
              advertisement from making endorsement of any product or service for a period which may
              extend to one year:",scenario,,,PENDING_HUMAN_REVIEW,,
bddcba508cef1fea,What does Article 2 state about Admission or establishment of new States?,"Parliament may
by law admit into the Union, or establish, new States on such terms and
conditions as it thinks fit.",constitution_of_india.pdf,33,Article 2,"2. Admission or establishment of new States.—Parliament may
by law admit into the Union, or establish, new States on such terms and
conditions as it thinks fit.
      3[2A. [Sikkim to be associated with the Union.] —Omitted by the
Constitution (Thirty-sixth Amendment) Act, 1975, s. 5 (w.e.f. 26-4-1975).]
      3.  Formation  of  new  States  and  alteration  of  areas,
boundaries or names of existing States.—Parliament may by law—
            (a) form a new State by separation of territory from any
      State or by uniting two or more States or parts of States or by
      uniting any territory to a part of any State;
            (b) increase the area of any State;
             (c) diminish the area of any State;

            (d) alter the boundaries of any State;
             (e) alter the name of any State:
______________________________________________
1.  Subs. by  the  Constitution (Seventh Amendment) Act, 1956,  s.  2,  for  cl.  (2)
   (w.e.f. 1-11-1956).
2. Subs. by s. 2 ibid. for sub-clause (b) (w.e.f. 1-11-1956).
3. Ins. by the Constitution (Thirty-fifth Amendment) Act, 1974, s. 2 (w.e.f. 1-3-1975).


                            2",direct_factual,,,PENDING_HUMAN_REVIEW,,
c8a853bbded0c2f2,How does the Act define manufacturer?,"(24) ""manufacturer"" means a person who—

                                          (i) makes any goods or parts thereof;",consumer_protection_act_2019.pdf,5,,"SEC. 1]         THE GAZETTE OF INDIA EXTRAORDINARY               5


                  commercial activity, trade or profession, or such other class or classes of persons
                    including public utility entities in the manner as may be prescribed;

                           (20) ""express warranty"" means any material statement, affirmation of fact, promise
                    or description relating to a product or service warranting that it conforms to such
                    material statement, affirmation, promise or description and includes any sample or
                 model of a product warranting that the whole of such product conforms to such
                  sample or model;

                          (21) ""goods"" means every kind of movable property and includes ""food"" as
                    defined in clause (j) of sub-section (1) of section 3 of the Food Safety and Standards
34 of 2006.          Act, 2006;

                          (22) ""harm"", in relation to a product liability, includes—

                                          (i) damage to any property, other than the product itself;

                                           (ii) personal injury, illness or death;

                                            (iii) mental agony or emotional distress attendant to personal injury or
                              illness or damage to property; or

                                      (iv) any loss of consortium or services or other loss resulting from a harm
                           referred to in sub-clause (i) or sub-clause (ii) or sub-clause (iii),

                    but shall not include any harm caused to a product itself or any damage to the property
                 on account of breach of warranty conditions or any commercial or economic loss,
                    including any direct, incidental or consequential loss relating thereto;

                          (23) ""injury"" means any harm whatever illegally caused to any person, in body,
                mind or property;

                          (24) ""manufacturer"" means a person who—

                                          (i) makes any goods or parts thereof; or

                                           (ii) assembles any goods or parts thereof made by others; or

                                            (iii) puts or causes to be put his own mark on any goods made by any
                          other person;

                          (25) ""mediation"" means the process by which a mediator mediates the consumer
                    disputes;

                          (26) ""mediator"" means a mediator referred to in section 75;

                          (27) ""member"" includes the President and a member of the National Commission
                    or a State Commission or a District Commission, as the case may be;

                          (28) ""misleading advertisement"" in relation to any product or service, means an
                    advertisement, which—

                                          (i) falsely describes such product or service; or

                                           (ii) gives a false guarantee to, or is likely to mislead the consumers as to
                          the nature, substance, quantity or quality of such product or service; or

                                            (iii) conveys an express or implied representation which, if made by the
                        manufacturer or seller or service provider thereof, would constitute an unfair
                           trade practice; or

                                      (iv) deliberately conceals important information;

                          (29) ""National Commission"" means the National Consumer Disputes Redressal
                 Commission established under sub-section (1) of section 53;",definition,,,PENDING_HUMAN_REVIEW,,
c3feef98ed831ed5,What does Article 11 state about Parliament to regulate the right of citizenship by law?,"Nothing
in the foregoing provisions of this Part shall derogate from the power of
Parliament  to make any  provision  with  respect  to  the  acquisition and
termination of citizenship and all other matters relating to citizenship.",constitution_of_india.pdf,36,Article 11,"11. Parliament to regulate the right of citizenship by law.—Nothing
in the foregoing provisions of this Part shall derogate from the power of
Parliament  to make any  provision  with  respect  to  the  acquisition and
termination of citizenship and all other matters relating to citizenship.",direct_factual,,,PENDING_HUMAN_REVIEW,,
