candidate_id,recommendation,source_pdf,pdf_page,question_type,question,proposed_answer,candidate_legal_reference,candidate_reference_status,reference_check,answer_support_check,exact_source_evidence_excerpt,evidence_quote_note,issue_flags,duplicate_flags,answer_template_repetition,related_duplicate_candidate_ids,reason,original_review_status,human_decision_entered,legally_verified
004dd69be0a72aeb,PROPOSED_REJECT,constitution_of_india.pdf,35,rights_duties,"What right, duty, or requirement is described in the clause beginning “and (b)(i) in the case where such person…”?","and
               (b)(i) in the case where such person has so migrated before the
      nineteenth day of July, 1948, he has been ordinarily resident in the
       territory of India since the date of his migration, or
                 (ii) in the case where such person has so migrated on or after the
      nineteenth day of July, 1948, he has been registered as a citizen of India
     by an  officer appointed  in  that behalf by the Government  of  the
     Dominion of India on an application made by him therefor to such
       officer before the commencement of this Constitution in the form and
     manner prescribed by that Government:
      Provided that no person shall be so registered unless he has been resident
in the territory of India for at least six months immediately preceding the date
of his application.",Article 5,EXPLICIT_NUMBERED_HEADING,"MISMATCH: answer passage is Article 6(b), not Article 5.","Textually present, but answers from a different provision than the cited reference.","and (b)(i) in the case where such person has so migrated before the nineteenth day of July, 1948, he has been ordinarily resident in the territory of India since the date of his migration, or (ii) in the case where such person has so migrated on or after the nineteenth day of Jul",Verbatim excerpt from the candidate passage; whitespace normalized. The declared page text contained the passage; this is not a legal-correctness finding.,citation_mismatch,,False,,The cited Article 5 does not match the quoted answer: the answer is under the adjacent heading ?6. Rights of citizenship of certain persons who have migrated to India from Pakistan?.,PENDING_HUMAN_REVIEW,NO,NO
edb58504d9963e5a,PROPOSED_REJECT,consumer_protection_act_2019.pdf,2,definition,How does Section 2(5) define complainant?,"(5) ""complainant"" means—

                                          (i) a consumer;",Section 2(5),EXPLICIT_NUMBERED_HEADING,MATCH: Section 2(5) heading is present.,"Supported fragment, materially incomplete definition.","(5) ""complainant"" means— (i) a consumer;",Verbatim excerpt from the candidate passage; whitespace normalized. The declared page text contained the passage; this is not a legal-correctness finding.,answer_incomplete,,False,,The answer gives only item (i) of the statutory definition and omits the other six categories (items (ii)?(vii)); it is not a complete answer to ?How does Section 2(5) define complainant??.,PENDING_HUMAN_REVIEW,NO,NO
81ddc6564ee9b1bd,PENDING_HUMAN_REVIEW,constitution_of_india.pdf,225,comparison,What comparison does the passage explicitly make?,"(2) Nothing in clause (1) shall bar the appointment of members of the
Anglo-Indian community to posts other than, or in addition to, those reserved
for the community under that clause if such members are found qualified for
appointment on merit as compared with the members of other communities.",,UNCONFIRMED,UNCONFIRMED: candidate reference is blank; source heading shows Article 336(2).,"The text answers the comparison question, but reference and duplicate concerns remain.","(2) Nothing in clause (1) shall bar the appointment of members of the Anglo-Indian community to posts other than, or in addition to, those reserved for the community under that clause if such members are found qualified for appointment on merit as compared with the members of oth",Verbatim excerpt from the candidate passage; whitespace normalized. The declared page text contained the passage; this is not a legal-correctness finding.,reference_unconfirmed;possible_exact_duplicate,REPEATED_ANSWER_TEMPLATE; REPEATED_EXACT_ANSWER,True,,"The comparison is stated in Article 336(2), but the candidate has no confirmed legal reference and the answer is flagged as a repeated exact answer/template. A reviewer should check both citation and duplicate relationship.",PENDING_HUMAN_REVIEW,NO,NO
0dd8417bbfe6d7bc,PROPOSED_REJECT,constitution_of_india.pdf,69,condition_exception,What condition or exception is described in the clause beginning “Provided that such readjustment shall not affect representation…”?,"Provided that such readjustment shall not affect representation in the
House of the People until the dissolution of the then existing House:
      5[Provided further that such readjustment shall take effect from such date
as the President may, by order, specify and until such readjustment takes effect,
any  election  to  the House may be held on  the  basis  of  the  territorial
constituencies existing before such readjustment:
      Provided also that until the relevant figures for the first census taken
after the year 6[2026] have been published,  it  shall not be necessary to
7[readjust,—

______________________________________________
1.",Article 82,EXPLICIT_NUMBERED_HEADING,MATCH: Article 82 heading is present.,"Textually supported start, but answer is cut off before the provision is complete.","Provided that such readjustment shall not affect representation in the House of the People until the dissolution of the then existing House: 5[Provided further that such readjustment shall take effect from such date as the President may, by order, specify and until such readjustm",Verbatim excerpt from the candidate passage; whitespace normalized. The declared page text contained the passage; this is not a legal-correctness finding.,answer_truncated,,False,,"The proposed answer stops at ?it shall not be necessary to readjust,??, mid-list, while Article 82 continues the readjustment exceptions on the next PDF page.",PENDING_HUMAN_REVIEW,NO,NO
0a9552ef52cfaff9,PROPOSED_REJECT,constitution_of_india.pdf,376,definition,How does Article 1 define paragraph?,"""paragraph"" means a paragraph of this Schedule.",Article 1,EXPLICIT_NUMBERED_HEADING,MISMATCH: Article 1 is not the cited provision; the passage is Tenth Schedule paragraph 1(d).,The definition is textually supported but misattributed by the question/reference.,"""paragraph"" means a paragraph of this Schedule.",Verbatim excerpt from the candidate passage; whitespace normalized. The declared page text contained the passage; this is not a legal-correctness finding.,citation_mismatch;question_misattribution,,False,,"The source is paragraph 1 (?Interpretation?) of the Tenth Schedule, not Article 1 of the Constitution. The answer defines ?paragraph? within that Schedule.",PENDING_HUMAN_REVIEW,NO,NO
037ef144b3e5c1ea,PROPOSED_APPROVE,constitution_of_india.pdf,157,direct_factual,What does Article 243O state about Bar to interference by courts in electoral matters?,"Notwithstanding anything in this Constitution,—
          (a)  the  validity  of  any  law  relating  to  the  delimitation  of
       constituencies or the allotment of seats to such constituencies, made or
      purporting to be made under article 243K, shall not be called in question
       in any court;
          (b) no election to any Panchayat shall be called in question except by
      an election petition presented to such authority and in such manner as is
      provided for by or under any law made by the Legislature of a State.",Article 243O,EXPLICIT_NUMBERED_HEADING,MATCH: Article 243O heading and clauses (a)?(b) are present.,Supported and complete for the scoped question.,"Notwithstanding anything in this Constitution,— (a) the validity of any law relating to the delimitation of constituencies or the allotment of seats to such constituencies, made or purporting to be made under article 243K, shall not be called in question in any court; (b) no elec",Verbatim excerpt from the candidate passage; whitespace normalized. The declared page text contained the passage; this is not a legal-correctness finding.,,,False,,The question asks about Article 243O and the answer reproduces its two stated bars to court interference in Panchayat electoral matters.,PENDING_HUMAN_REVIEW,NO,NO
1c53f50edc89caed,PROPOSED_REJECT,constitution_of_india.pdf,95,procedure_remedy,"What procedure or remedy is described in the clause beginning “] (2) The Supreme Court may, if it…”?","]
       (2) The Supreme Court may, if it deems it expedient so to do for the ends
of justice, transfer any case, appeal or other proceedings pending before any
High Court to any other High Court.",Article 138,EXPLICIT_NUMBERED_HEADING,"MISMATCH: source heading is Article 139A, not Article 138.",Textually supported under a different provision; includes an extraction artifact.,"] (2) The Supreme Court may, if it deems it expedient so to do for the ends of justice, transfer any case, appeal or other proceedings pending before any High Court to any other High Court.",Verbatim excerpt from the candidate passage; whitespace normalized. The declared page text contained the passage; this is not a legal-correctness finding.,citation_mismatch;ocr_or_extraction_artifact,,False,,"The answer is from Article 139A(2) (?transfer any case, appeal or other proceedings??), while the candidate cites Article 138; the answer also starts with a stray closing bracket.",PENDING_HUMAN_REVIEW,NO,NO
014cfafe86aae67e,PROPOSED_REJECT,constitution_of_india.pdf,194,rights_duties,"What right, duty, or requirement is described in the clause beginning “—(1) The custody of the Consolidated Fund of…”?","—(1)  The  custody  of  the
Consolidated Fund of India and the Contingency Fund of India, the payment of
moneys into such Funds, the withdrawal of moneys therefrom, the custody of
public moneys other than those credited to such Funds received by or on behalf
of the Government of India, their payment into the public account of India and
the withdrawal of moneys from such account and all other matters connected
with or ancillary to matters aforesaid shall be regulated by law made by
Parliament, and, until provision in that behalf is so made, shall be regulated by
rules made by the President.",Article 281,EXPLICIT_NUMBERED_HEADING,"MISMATCH: answer is Article 283(1), not Article 281.",Textually supported under a different provision; includes an extraction artifact.,"—(1) The custody of the Consolidated Fund of India and the Contingency Fund of India, the payment of moneys into such Funds, the withdrawal of moneys therefrom, the custody of public moneys other than those credited to such Funds received by or on behalf of the Government of Indi",Verbatim excerpt from the candidate passage; whitespace normalized. The declared page text contained the passage; this is not a legal-correctness finding.,citation_mismatch;ocr_or_extraction_artifact,,False,,"The answer concerns custody and regulation of funds under Article 283(1), not the cited Article 281 (Finance Commission recommendations); it also begins with an extraneous dash.",PENDING_HUMAN_REVIEW,NO,NO
06f032849da5dbd4,PROPOSED_REJECT,constitution_of_india.pdf,214,scenario,"According to the passage, what happens if the causes of action on which such suits or proceedings are based had arisen after such establishment?","if  the causes  of  action on which such  suits  or
      proceedings are based had arisen after such establishment;
             (f) repeal or amend any order made by the President under clause (3)
      of article 371D;",Article 323A,EXPLICIT_NUMBERED_HEADING,MATCH: Article 323A is present.,"The quoted words occur in the source, but do not answer the ?what happens? question.",if the causes of action on which such suits or proceedings are based had arisen after such establishment; (f) repeal or amend any order made by the President under clause (3) of article 371D;,Verbatim excerpt from the candidate passage; whitespace normalized. The declared page text contained the passage; this is not a legal-correctness finding.,answer_nonresponsive;answer_incomplete,,False,,Article 323A(2)(e) describes transferring pending cases to a tribunal as if their causes of action arose after establishment. The proposed answer only repeats that qualifying condition and does not say what the law may provide for.,PENDING_HUMAN_REVIEW,NO,NO
fe25da3c7158a625,PROPOSED_REJECT,consumer_protection_act_2019.pdf,24,condition_exception,What condition or exception is described in the clause beginning “if the interest of justice so requires.”?,"if the interest of justice so
                requires.",,UNCONFIRMED,UNCONFIRMED: candidate reference is blank; source page shows Section 48.,"Exact fragment is present, but it is not a self-contained answer.",if the interest of justice so requires.,Verbatim excerpt from the candidate passage; whitespace normalized. The declared page text contained the passage; this is not a legal-correctness finding.,answer_fragment;reference_unconfirmed,,False,,The answer is only the trailing phrase ?if the interest of justice so requires? and omits who may transfer which complaint. The source places it in Section 48; the candidate provides no reference.,PENDING_HUMAN_REVIEW,NO,NO
f8d48d6abe1c9354,PENDING_HUMAN_REVIEW,constitution_of_india.pdf,124,direct_factual,What does Article 204 state about Appropriation Bills?,"(1) As soon as may be after the grants under
article 203 have been made by the Assembly, there shall be introduced a Bill to
provide for the appropriation out of the Consolidated Fund of the State of all
moneys required to meet—
          (a) the grants so made by the Assembly; and
          (b) the expenditure charged on the Consolidated Fund of the State but
      not exceeding in any case the amount shown in the statement previously
       laid before the House or Houses.",Article 204,EXPLICIT_NUMBERED_HEADING,MATCH: Article 204 heading is present.,Supported but may be incomplete for the broad question; reviewer should narrow the question or complete the answer.,"(1) As soon as may be after the grants under article 203 have been made by the Assembly, there shall be introduced a Bill to provide for the appropriation out of the Consolidated Fund of the State of all moneys required to meet— (a) the grants so made by the Assembly; and (b) the",Verbatim excerpt from the candidate passage; whitespace normalized. The declared page text contained the passage; this is not a legal-correctness finding.,answer_incomplete;question_scope_broad,,False,,"The answer gives Article 204(1) only. The question asks broadly what Article 204 states, while clauses (2) and (3) on amendments and withdrawals from the Fund are omitted.",PENDING_HUMAN_REVIEW,NO,NO
e6f5df6480d94525,PROPOSED_REJECT,constitution_of_india.pdf,127,scenario,"According to the passage, what happens if the words “or in English” were omitted therefrom: 1[Provided that in relation to the 2[Legislatures of the States of Himachal Pradesh?","if the words “or in English”
were omitted therefrom:
      1[Provided that in relation to the 2[Legislatures of the States of Himachal
Pradesh, Manipur, Meghalaya and Tripura] this clause shall have effect as if for
the words “fifteen years” occurring therein, the words “twenty-five years” were
substituted:]
      3[Provided further that in relation to the 4[Legislatures of the States of
5[Arunachal P",Article 210,EXPLICIT_NUMBERED_HEADING,MATCH: Article 210 heading is present.,"Source text is identifiable, but the proposed answer is truncated and the question is not intelligible as written.","if the words “or in English” were omitted therefrom: 1[Provided that in relation to the 2[Legislatures of the States of Himachal Pradesh, Manipur, Meghalaya and Tripura] this clause shall have effect as if for the words “fifteen years” occurring therein, the words “twenty-five ye",Verbatim excerpt from the candidate passage; whitespace normalized. The declared page text contained the passage; this is not a legal-correctness finding.,question_malformed;answer_truncated;near_duplicate,,False,,The question is malformed and mixes a clause with an amendment proviso. The answer is truncated mid-name (?Arunachal P??) in Article 210 and does not provide a coherent response.,PENDING_HUMAN_REVIEW,NO,NO
e9786ae6f8f15f02,PENDING_HUMAN_REVIEW,constitution_of_india.pdf,94,procedure_remedy,"What procedure or remedy is described in the clause beginning “—(1) Notwithstanding anything in this Chapter, the Supreme…”?","—(1)
Notwithstanding anything in this Chapter, the Supreme Court may, in  its
discretion,  grant  special  leave  to  appeal  from  any  judgment,  decree,
determination, sentence or order in any cause or matter passed or made by any
court or tribunal in the territory of India.",Article 136,EXPLICIT_NUMBERED_HEADING,MATCH: Article 136(1) is present.,Supported for the scoped clause; possible exact duplicate requires review.,"—(1) Notwithstanding anything in this Chapter, the Supreme Court may, in its discretion, grant special leave to appeal from any judgment, decree, determination, sentence or order in any cause or matter passed or made by any court or tribunal in the territory of India.",Verbatim excerpt from the candidate passage; whitespace normalized. The declared page text contained the passage; this is not a legal-correctness finding.,possible_exact_duplicate;repeated_answer_template,REPEATED_ANSWER_TEMPLATE; REPEATED_EXACT_ANSWER,True,,"The answer matches Article 136(1) for the clause named in the question, and the reference matches; however, the batch flags this as a repeated exact answer/template, so uniqueness should be checked before retention.",PENDING_HUMAN_REVIEW,NO,NO
fbde0aa31a8f63b3,PENDING_HUMAN_REVIEW,consumer_protection_act_2019.pdf,5,definition,How does the Act define injury?,"(23) ""injury"" means any harm whatever illegally caused to any person, in body,
                mind or property;",,UNCONFIRMED,UNCONFIRMED: no reference supplied; source location is Section 2(23).,Textually supported; citation metadata is absent.,"(23) ""injury"" means any harm whatever illegally caused to any person, in body, mind or property;",Verbatim excerpt from the candidate passage; whitespace normalized. The declared page text contained the passage; this is not a legal-correctness finding.,reference_unconfirmed,,False,,"The answer matches the definition text for ?injury? (item (23)), but the candidate has no legal reference. The page is within the Act?s Section 2 definitions; the missing reference should be confirmed.",PENDING_HUMAN_REVIEW,NO,NO
ffada58d009e6dde,PROPOSED_REJECT,constitution_of_india.pdf,127,condition_exception,What condition or exception is described in the clause beginning “Unless the Legislature of the State by law…”?,"Unless the Legislature of the State by law otherwise provides, this
article  shall,  after  the  expiration of a  period of  fifteen  years from  the
commencement of this Constitution, have effect as if the words “or in English”
were omitted therefrom:
      1[Provided that in relation to the 2[Legislatures of the States of Himachal
Pradesh, Manipur, Meghalaya and Tripura] this clause shall have effect as if for
the words “fifteen years” occurring therein, the words “twenty-five years” were
substituted:]
      3[Provided further that in relation to the 4[Legislatures of the States of
5[Arunachal Pradesh, Goa and Mizoram]], this clause shall have effect as if for
______________________________________________
1.",Article 210,EXPLICIT_NUMBERED_HEADING,MATCH: Article 210 heading is present.,Text is supported only as an incomplete excerpt; it is not a usable complete answer.,"Unless the Legislature of the State by law otherwise provides, this article shall, after the expiration of a period of fifteen years from the commencement of this Constitution, have effect as if the words “or in English” were omitted therefrom: 1[Provided that in relation to the ",Verbatim excerpt from the candidate passage; whitespace normalized. The declared page text contained the passage; this is not a legal-correctness finding.,answer_truncated;near_duplicate,NEAR_QUESTION_DUPLICATE,False,be20a5d1acdc05b6,The answer cuts off mid-word at ?Arunachal P?? and therefore omits the remainder of the second proviso. It is also a near-duplicate of candidate e6f5df6480d94525 (candidate 12).,PENDING_HUMAN_REVIEW,NO,NO
fe7d73898eca8201,PROPOSED_REJECT,constitution_of_india.pdf,45,rights_duties,"What right, duty, or requirement is described in the clause beginning “—In sub-clause (b) of clause (2), the reference…”?","—In sub-clause (b) of clause (2), the reference to Hindus
shall be construed as including a reference to persons professing the Sikh, Jaina
or Buddhist religion, and the reference to Hindu religious institutions shall be
construed accordingly.",Article 24,EXPLICIT_NUMBERED_HEADING,"MISMATCH: source is Article 25, Explanation II, not Article 24.",Textually supported under a different article.,"—In sub-clause (b) of clause (2), the reference to Hindus shall be construed as including a reference to persons professing the Sikh, Jaina or Buddhist religion, and the reference to Hindu religious institutions shall be construed accordingly.",Verbatim excerpt from the candidate passage; whitespace normalized. The declared page text contained the passage; this is not a legal-correctness finding.,citation_mismatch,,False,,"The quoted text is Explanation II to Article 25 (religious freedom), whereas the candidate cites Article 24 (employment of children).",PENDING_HUMAN_REVIEW,NO,NO
f5647ecdfb8edd4f,PROPOSED_APPROVE,constitution_of_india.pdf,182,direct_factual,What does Article 263 state about Provisions with respect to an inter-State Council?,"If at any time
it appears to the President that the public interests would be served by the
establishment of a Council charged with the duty of—
             (a) inquiring into and advising upon disputes which may have
       arisen between States;
             (b) investigating and discussing subjects in which some or all of
      the States, or the Union and one or more of  the States, have a common
       interest; or
              (c) making recommendations upon any such subject and, in
       particular, recommendations for the better co-ordination of policy and
      action with respect to that subject,
it shall be lawful for the President by order to establish such a Council, and to
define the nature of the duties to be performed by it and its organisation and
procedure.",Article 263,EXPLICIT_NUMBERED_HEADING,MATCH: Article 263 heading and operative text are present.,Supported and complete for the question.,If at any time it appears to the President that the public interests would be served by the establishment of a Council charged with the duty of— (a) inquiring into and advising upon disputes which may have arisen between States; (b) investigating and discussing subjects in which ,Verbatim excerpt from the candidate passage; whitespace normalized. The declared page text contained the passage; this is not a legal-correctness finding.,,,False,,The question names Article 263 and the answer reproduces the provision?s stated circumstances and the President?s power to establish an inter-State Council.,PENDING_HUMAN_REVIEW,NO,NO
b268a450d367bf03,PENDING_HUMAN_REVIEW,constitution_of_india.pdf,117,scenario,"According to the passage, what happens if he is so disqualified by or under any law made by Parliament. 2[Explanation.—For the purposes of this clause]?","if he is so disqualified by or under any law made by Parliament.
      2[Explanation.—For the purposes of this clause], a person shall not be
deemed to hold an office of profit under the Government of India or the
Government of any State specified in the First Schedule by reason only that he
is a Minister either for the Union or for such State.",Article 191,EXPLICIT_NUMBERED_HEADING,MATCH: Article 191 and its Explanation are present.,"Text appears in the cited passage, but the question and answer are ambiguously aligned.","if he is so disqualified by or under any law made by Parliament. 2[Explanation.—For the purposes of this clause], a person shall not be deemed to hold an office of profit under the Government of India or the Government of any State specified in the First Schedule by reason only t",Verbatim excerpt from the candidate passage; whitespace normalized. The declared page text contained the passage; this is not a legal-correctness finding.,question_ambiguous,,False,,"The question combines Article 191(1)(e) with its following Explanation. The answer quotes the Explanation about a Minister and office of profit, but the question wording does not clearly ask for that consequence.",PENDING_HUMAN_REVIEW,NO,NO
64257f501275a7c1,PROPOSED_REJECT,consumer_protection_act_2019.pdf,16,procedure_remedy,What procedure or remedy is described in the clause beginning “CHAPTER IV CONSUMER DISPUTES REDRESSAL COMMISSION Establishment 28.”?,"CHAPTER IV

                                 CONSUMER DISPUTES REDRESSAL COMMISSION

Establishment        28.",,UNCONFIRMED,UNCONFIRMED: no section reference supplied; source page begins Section 28(1).,"The text is only a heading, not an answer to a procedure/remedy question.",CHAPTER IV CONSUMER DISPUTES REDRESSAL COMMISSION Establishment 28.,Verbatim excerpt from the candidate passage; whitespace normalized. The declared page text contained the passage; this is not a legal-correctness finding.,answer_missing_substance;reference_unconfirmed,,False,,The proposed answer is only the Chapter IV heading and ?Establishment 28?; it gives none of Section 28?s operative rule establishing District Commissions.,PENDING_HUMAN_REVIEW,NO,NO
fcfc86a574176015,PROPOSED_REJECT,constitution_of_india.pdf,63,rights_duties,"What right, duty, or requirement is described in the clause beginning “—(1) All doubts and disputes arising out of…”?","—(1) All doubts and disputes arising out of or in
connection with the election of a President or Vice-President shall be inquired
into and decided by the Supreme Court whose decision shall be final.",Article 70,EXPLICIT_NUMBERED_HEADING,"MISMATCH: source passage is Article 71(1), not Article 70.",Textually supported under a different article.,—(1) All doubts and disputes arising out of or in connection with the election of a President or Vice-President shall be inquired into and decided by the Supreme Court whose decision shall be final.,Verbatim excerpt from the candidate passage; whitespace normalized. The declared page text contained the passage; this is not a legal-correctness finding.,citation_mismatch,,False,,"The answer is the text of Article 71(1) on election disputes, while the candidate cites Article 70, which concerns discharge of the President?s functions in other contingencies.",PENDING_HUMAN_REVIEW,NO,NO
fa63b0dfbf03cfe8,PROPOSED_APPROVE,constitution_of_india.pdf,253,definition,How does Article 366 define agricultural income?,"(1) “agricultural income” means agricultural income as defined
       for the purposes of the enactments relating to Indian income-tax;",Article 366,EXPLICIT_NUMBERED_HEADING,MATCH: Article 366(1) is present.,Supported and complete for the scoped definition.,(1) “agricultural income” means agricultural income as defined for the purposes of the enactments relating to Indian income-tax;,Verbatim excerpt from the candidate passage; whitespace normalized. The declared page text contained the passage; this is not a legal-correctness finding.,,,False,,The question asks for Article 366?s definition of agricultural income; the answer matches item (1) in the cited definitions provision.,PENDING_HUMAN_REVIEW,NO,NO
f60b551073179690,PROPOSED_REJECT,constitution_of_india.pdf,376,condition_exception,What condition or exception is described in the clause beginning “if he has voluntarily given up his membership…”?,"if he has voluntarily given up his membership of such political
       party;",Article 2,EXPLICIT_NUMBERED_HEADING,"MISMATCH: source is Tenth Schedule paragraph 2(1)(a), not Article 2.",Textually supported under a different provision; mislabeled citation.,if he has voluntarily given up his membership of such political party;,Verbatim excerpt from the candidate passage; whitespace normalized. The declared page text contained the passage; this is not a legal-correctness finding.,citation_mismatch;question_misattribution,,False,,"The answer is paragraph 2(1)(a) of the Tenth Schedule on defection, not Article 2 of the Constitution. The citation type and location are wrong.",PENDING_HUMAN_REVIEW,NO,NO
f15449dba95b5065,PENDING_HUMAN_REVIEW,constitution_of_india.pdf,133,direct_factual,What does Article 222 state about Transfer of a Judge from one High Court to another?,"(1) The
President may, 1[on the recommendation of the National Judicial Appointments
Commission referred to in article 124A], transfer a Judge from one High Court
to any other High Court 2***.",Article 222,EXPLICIT_NUMBERED_HEADING,MATCH_IN_PRINTED_TEXT_WITH_SOURCE_CAVEAT: Article 222(1); nearby footnote flags the amendment as struck down.,"Matches the printed clause, but current-law status needs authoritative legal review.","(1) The President may, 1[on the recommendation of the National Judicial Appointments Commission referred to in article 124A], transfer a Judge from one High Court to any other High Court 2***.",Verbatim excerpt from the candidate passage; whitespace normalized. The declared page text contained the passage; this is not a legal-correctness finding.,current_law_status_uncertain;amendment_footnote,,False,,"The answer matches Article 222(1) as printed, but the source?s amendment footnote states that the cited National Judicial Appointments Commission amendment was struck down. The supplied PDF alone does not settle the currently operative wording.",PENDING_HUMAN_REVIEW,NO,NO
d9dfd76da2fe00b5,PROPOSED_REJECT,consumer_protection_act_2019.pdf,23,scenario,"According to the passage, what happens if there is a majority?","if there is a majority, but if the members are
equally divided, they shall state the point or points on which they differ, and make a reference
to the President who shall either hear the point or points himself or refer the case for hearing
on such point or points by one or more of t",,UNCONFIRMED,UNCONFIRMED: no reference supplied; source is Section 47(3).,Misaligned with the question and incomplete.,"if there is a majority, but if the members are equally divided, they shall state the point or points on which they differ, and make a reference to the President who shall either hear the point or points himself or refer the case for hearing on such point or points by one or more ",Verbatim excerpt from the candidate passage; whitespace normalized. The declared page text contained the passage; this is not a legal-correctness finding.,question_answer_mismatch;answer_truncated;reference_unconfirmed,,False,,"The question asks what follows when there is a majority, but the answer jumps to the equally-divided fallback, then ends mid-clause. The surrounding text states that the majority opinion decides the point.",PENDING_HUMAN_REVIEW,NO,NO
e7b9568884b0bbc8,PROPOSED_REJECT,constitution_of_india.pdf,92,procedure_remedy,What procedure or remedy is described in the clause beginning “—(1) An appeal shall lie to the Supreme…”?,"—(1) An appeal shall lie to the Supreme Court
from any judgment, decree or final order of a High Court in the territory of
India, whether in a civil, criminal or other proceeding, 3[if the High Court
certifies under article 134A] that the case involves a substantial question of law
as to the interpretation of this Constitution.",Article 131,EXPLICIT_NUMBERED_HEADING,"MISMATCH: source heading is Article 132, not Article 131.",Textually supported under a different article.,"—(1) An appeal shall lie to the Supreme Court from any judgment, decree or final order of a High Court in the territory of India, whether in a civil, criminal or other proceeding, 3[if the High Court certifies under article 134A] that the case involves a substantial question of l",Verbatim excerpt from the candidate passage; whitespace normalized. The declared page text contained the passage; this is not a legal-correctness finding.,citation_mismatch,REPEATED_ANSWER_TEMPLATE; REPEATED_EXACT_ANSWER,True,,"The answer is Article 132(1) on appeals involving a substantial constitutional question of law, while the candidate cites Article 131 (original jurisdiction).",PENDING_HUMAN_REVIEW,NO,NO
fb671b1434235def,PROPOSED_APPROVE,constitution_of_india.pdf,163,rights_duties,"What right, duty, or requirement is described in the clause beginning “(2) The Governor shall cause every recommendation made…”?","(2) The Governor  shall cause every recommendation made by the
Commission under this article together with an explanatory memorandum as to
the action taken thereon to be laid before the Legislature of the State.",Article 243Y,EXPLICIT_NUMBERED_HEADING,MATCH: Article 243Y(2) is present.,Supported and complete for the scoped clause.,(2) The Governor shall cause every recommendation made by the Commission under this article together with an explanatory memorandum as to the action taken thereon to be laid before the Legislature of the State.,Verbatim excerpt from the candidate passage; whitespace normalized. The declared page text contained the passage; this is not a legal-correctness finding.,,,False,,The answer matches Article 243Y(2): the Governor lays the Finance Commission?s recommendations and explanatory memorandum before the State Legislature.,PENDING_HUMAN_REVIEW,NO,NO
ed50b49df25f6058,PROPOSED_APPROVE,constitution_of_india.pdf,95,direct_factual,What does Article 140 state about Ancillary powers of the Supreme Court?,"Parliament may by
law make provision for conferring upon the Supreme Court such supplemental
powers not inconsistent with any of the provisions of this Constitution as may
appear to be necessary or desirable for the purpose of enabling the Court more
effectively to exercise the jurisdiction conferred upon  it by or under this
Constitution.",Article 140,EXPLICIT_NUMBERED_HEADING,MATCH: Article 140 is present.,Supported and complete for the question.,Parliament may by law make provision for conferring upon the Supreme Court such supplemental powers not inconsistent with any of the provisions of this Constitution as may appear to be necessary or desirable for the purpose of enabling the Court more effectively to exercise the j,Verbatim excerpt from the candidate passage; whitespace normalized. The declared page text contained the passage; this is not a legal-correctness finding.,,,False,,The question names Article 140 and the answer reproduces its provision on Parliament enabling supplemental powers for the Supreme Court.,PENDING_HUMAN_REVIEW,NO,NO
eab8471a2d4849b5,PROPOSED_REJECT,constitution_of_india.pdf,334,definition,How does Article 119 define Memorandum of Settlement?,"“Memorandum of Settlement” means the Memorandum signed on the 10th day of
   February, 2003 between Government of India, Government of Assam and Bodo
    Liberation Tigers.’.",Article 119,EXPLICIT_NUMBERED_HEADING,MISMATCH: source is an amendment note to Sixth Schedule paragraph 19; ?Article 119? is not the source of this definition.,"The definition text exists in the PDF, but the question/reference attributes it to the wrong provision.","“Memorandum of Settlement” means the Memorandum signed on the 10th day of February, 2003 between Government of India, Government of Assam and Bodo Liberation Tigers.’.",Verbatim excerpt from the candidate passage; whitespace normalized. The declared page text contained the passage; this is not a legal-correctness finding.,citation_mismatch;question_misattribution;footnote_as_provision,,False,,"The Memorandum of Settlement definition appears in an amendment note to paragraph 19 of the Sixth Schedule, not in the cited ?Article 119?. The nearby numbered paragraph 119 is a separate transitional provision.",PENDING_HUMAN_REVIEW,NO,NO
ccf81f752f160b71,PROPOSED_APPROVE,constitution_of_india.pdf,96,condition_exception,What condition or exception is described in the clause beginning “If at any time it appears to the…”?,"If at
any time it appears to the President that a question of law or fact has arisen, or
is likely to arise, which is of such a nature and of such public importance that it
is expedient to obtain the opinion of the Supreme Court upon it, he may refer
the question to that Court for consideration and the Court may, after such
hearing as it thinks fit, report to the President its opinion thereon.",Article 143,EXPLICIT_NUMBERED_HEADING,MATCH: Article 143(1) is present.,Supported and complete for the scoped clause.,"If at any time it appears to the President that a question of law or fact has arisen, or is likely to arise, which is of such a nature and of such public importance that it is expedient to obtain the opinion of the Supreme Court upon it, he may refer the question to that Court fo",Verbatim excerpt from the candidate passage; whitespace normalized. The declared page text contained the passage; this is not a legal-correctness finding.,,,False,,The question asks about the Article 143(1) ?If at any time?? clause; the answer reproduces the President?s reference of a public-importance question and the Court?s opinion.,PENDING_HUMAN_REVIEW,NO,NO
d7ba0f6ff8b6349a,PROPOSED_REJECT,consumer_protection_act_2019.pdf,24,scenario,"According to the passage, what happens if the National Commission is satisfied that the case involves a substantial question of law. (3) In an appeal involving a question of law?","if the National Commission is satisfied that the case
              involves a substantial question of law.

                      (3) In an appeal involving a question of law, the memorandum of appeal shall precisely
                state the substantial question of law involved in the appeal.",,UNCONFIRMED,UNCONFIRMED: no reference supplied; source page contains Section 51(2)?(4).,"Condition is present, but the answer does not answer ?what happens?.","if the National Commission is satisfied that the case involves a substantial question of law. (3) In an appeal involving a question of law, the memorandum of appeal shall precisely state the substantial question of law involved in the appeal.",Verbatim excerpt from the candidate passage; whitespace normalized. The declared page text contained the passage; this is not a legal-correctness finding.,question_malformed;answer_nonresponsive;reference_unconfirmed,,False,,The answer repeats the condition that the National Commission is satisfied but omits the consequence asked for. Section 51(2) says an appeal shall lie; subsections (3)?(4) add what follows. The question is also conflated with subsection (3).,PENDING_HUMAN_REVIEW,NO,NO
e7dda45e24d43b89,PENDING_HUMAN_REVIEW,constitution_of_india.pdf,320,procedure_remedy,What procedure or remedy is described in the clause beginning “(c) the procedure to be followed by the…”?,"(c) the procedure to be followed by the Regional or District
      Council or any court constituted by such Council in appeals and other
      proceedings under sub-paragraph (2) of this paragraph;",,UNCONFIRMED,UNCONFIRMED: no paragraph reference supplied; source context is Sixth Schedule paragraph 4(4)(c).,Textually supported but citation metadata and intended scope remain unconfirmed.,(c) the procedure to be followed by the Regional or District Council or any court constituted by such Council in appeals and other proceedings under sub-paragraph (2) of this paragraph;,Verbatim excerpt from the candidate passage; whitespace normalized. The declared page text contained the passage; this is not a legal-correctness finding.,reference_unconfirmed;scope_uncertain,,False,,"The answer reproduces a procedure-making clause in the Sixth Schedule (paragraph 4(4)(c)), but the candidate does not provide a legal reference and the quoted text is only one subclause.",PENDING_HUMAN_REVIEW,NO,NO
f7dd9b76b71d5183,PROPOSED_REJECT,constitution_of_india.pdf,311,rights_duties,"What right, duty, or requirement is described in the clause beginning “2, so as to insert the following proviso…”?","2, so as to
   insert the following proviso after sub-paragraph (2), namely :—
     ""Provided  that nothing  in  this sub-paragraph  shall apply  to the Bodoland
    Territorial Areas District"" (w.",Article 21,EXPLICIT_NUMBERED_HEADING,"MISMATCH: source is an amendment footnote concerning Sixth Schedule paragraph 1, not Article 21?s operative text.","The footnote text is present, but it does not answer the stated legal question.","2, so as to insert the following proviso after sub-paragraph (2), namely :— ""Provided that nothing in this sub-paragraph shall apply to the Bodoland Territorial Areas District"" (w.",Verbatim excerpt from the candidate passage; whitespace normalized. The declared page text contained the passage; this is not a legal-correctness finding.,citation_mismatch;question_malformed;footnote_as_provision;near_duplicate,NEAR_QUESTION_DUPLICATE,False,0cb8345303a09ae5,"The question and answer quote an amendment-history footnote about a proviso inserted into paragraph 1 of the Sixth Schedule; they do not describe a right, duty, or requirement under the cited Article 21. The question is malformed and flagged near-duplicate.",PENDING_HUMAN_REVIEW,NO,NO
eafd86e56094bb25,PROPOSED_APPROVE,constitution_of_india.pdf,33,direct_factual,What does Article 2 state about Admission or establishment of new States?,"Parliament may
by law admit into the Union, or establish, new States on such terms and
conditions as it thinks fit.",Article 2,EXPLICIT_NUMBERED_HEADING,MATCH: Article 2 heading and text are present.,Supported and complete for the question.,"Parliament may by law admit into the Union, or establish, new States on such terms and conditions as it thinks fit.",Verbatim excerpt from the candidate passage; whitespace normalized. The declared page text contained the passage; this is not a legal-correctness finding.,,,False,,The answer matches Article 2?s rule that Parliament may by law admit or establish new States on terms and conditions it thinks fit.,PENDING_HUMAN_REVIEW,NO,NO
dfe75d1781e7d3d1,PROPOSED_APPROVE,constitution_of_india.pdf,190,definition,How does Article 279 define net proceeds?,"“net proceeds” means in relation to any tax or duty
the proceeds thereof reduced by the cost of collection, and for the purposes of
those provisions the net proceeds of any tax or duty, or of any part of any tax or
duty, in or attributable to any area shall be ascertained and certified by the
Comptroller and Auditor-General of India, whose certificate shall be final.
       (2) Subject as aforesaid, and to any other express provision of this
Chapter, a law made by Parliament or an order of the President may, in any
case where under this Part the proceeds of any duty or tax are, or may be,
assigned to any State, provide for the manner in which the proceeds are to be
calculated, for the time from or  at which and the manner in which any
payments are to be made, for the making of adjustments between one financial
year and another, and for any other incidental or ancillary matters.

______________________________________________
1. Subs. by the Constitution (Sixtieth Amendment) Act, 1988, s. 2, for ""two hundred and
   fifty rupees"" (w.e.f. 20-12-1988).
2. Proviso omitted by s.2, ibid. (w.e.f. 20-12-1988).",Article 279,EXPLICIT_NUMBERED_HEADING,MATCH: Article 279(1) is present.,Supported; relevant definition and certification text are reproduced.,"“net proceeds” means in relation to any tax or duty the proceeds thereof reduced by the cost of collection, and for the purposes of those provisions the net proceeds of any tax or duty, or of any part of any tax or duty, in or attributable to any area shall be ascertained and cer",Verbatim excerpt from the candidate passage; whitespace normalized. The declared page text contained the passage; this is not a legal-correctness finding.,,,False,,The answer gives Article 279(1)?s definition of net proceeds and its certification rule. The included subsection (2) is also source text and does not contradict the answer.,PENDING_HUMAN_REVIEW,NO,NO
fbac661dc9c90700,PENDING_HUMAN_REVIEW,consumer_protection_act_2019.pdf,15,condition_exception,What condition or exception is described in the clause beginning “if he has any reason to believe that…”?,"if he has any reason to believe
                that any person has violated any consumer rights or committed unfair trade practice or
              causes any false or misleading advertisement to be made, shall,—

                            (a) enter at any reasonable time into any such premises and search for any
                 document or record or article or any other form of evidence and seize such document,
                     record, article or such evidence;",,UNCONFIRMED,UNCONFIRMED: no reference supplied; source context is Section 22(1).,Supported fragment; not self-contained enough to approve.,"if he has any reason to believe that any person has violated any consumer rights or committed unfair trade practice or causes any false or misleading advertisement to be made, shall,— (a) enter at any reasonable time into any such premises and search for any document or record or",Verbatim excerpt from the candidate passage; whitespace normalized. The declared page text contained the passage; this is not a legal-correctness finding.,answer_fragment;reference_unconfirmed,,False,,"The answer matches the Section 22(1) ?reason to believe? condition and the first search/seizure power, but begins mid-sentence, omits the authorized officer as actor, and supplies no reference.",PENDING_HUMAN_REVIEW,NO,NO
43a1040f3801e6b3,PROPOSED_REJECT,constitution_of_india.pdf,122,scenario,"According to the passage, what happens if it is not a Money Bill together with a message requesting that the House or Houses will reconsider the Bill or any specified provisions thereof and?","if it is not a Money Bill
together with a message requesting that the House or Houses will reconsider
the Bill or any specified provisions thereof and, in particular, will consider the
desirability of introducing any such amendments as he may recommend in his
message and, when a Bill is so returned, the House or Houses shall reconsider
the Bill accordingly, and if the Bill is passed again by the House or Hous",Article 200,EXPLICIT_NUMBERED_HEADING,MATCH: Article 200 is present.,"Source passage supports the topic, but the answer is truncated before the operative outcome.","if it is not a Money Bill together with a message requesting that the House or Houses will reconsider the Bill or any specified provisions thereof and, in particular, will consider the desirability of introducing any such amendments as he may recommend in his message and, when a ",Verbatim excerpt from the candidate passage; whitespace normalized. The declared page text contained the passage; this is not a legal-correctness finding.,question_malformed;answer_truncated,,False,,The question is malformed and the answer cuts off at ?passed again by the House or Hous??. Article 200 continues that the Bill is presented again and the Governor shall not withhold assent; that outcome is missing.,PENDING_HUMAN_REVIEW,NO,NO
e68a624739eb7a46,PROPOSED_REJECT,constitution_of_india.pdf,12,procedure_remedy,What procedure or remedy is described in the clause beginning “Certificate for appeal to the Supreme Court.”?,Certificate for appeal to the Supreme Court.,,UNCONFIRMED,UNCONFIRMED: no reference supplied; the page is the Constitution contents page.,A contents heading does not answer the substantive question.,Certificate for appeal to the Supreme Court.,Verbatim excerpt from the candidate passage; whitespace normalized. The declared page text contained the passage; this is not a legal-correctness finding.,table_of_contents_only;answer_missing_substance;reference_unconfirmed,,False,,"The candidate passage is a table-of-contents entry (?Certificate for appeal to the Supreme Court?), not the operative text of a procedure or remedy. No answer beyond the heading is supplied.",PENDING_HUMAN_REVIEW,NO,NO
f6adb89377a3f28e,PROPOSED_REJECT,constitution_of_india.pdf,177,rights_duties,"What right, duty, or requirement is described in the clause beginning “(2) A resolution passed under clause (1) shall…”?","(2) A resolution passed under clause (1) shall remain in force for such
period not exceeding one year as may be specified therein:
      Provided that, if and so often as a resolution approving the continuance
in force of any such resolution is passed in the manner provided in clause (1),
such resolution shall continue in force for a further period of one year from the
date on which under this clause it would otherwise have ceased to be in force.",Article 248,EXPLICIT_NUMBERED_HEADING,"MISMATCH: source is Article 249(2), not Article 248.",Textually supported under a different article.,"(2) A resolution passed under clause (1) shall remain in force for such period not exceeding one year as may be specified therein: Provided that, if and so often as a resolution approving the continuance in force of any such resolution is passed in the manner provided in clause (",Verbatim excerpt from the candidate passage; whitespace normalized. The declared page text contained the passage; this is not a legal-correctness finding.,citation_mismatch,,False,,"The answer reproduces Article 249(2) on how long a resolution remains in force, while the candidate cites Article 248 (residuary legislative powers).",PENDING_HUMAN_REVIEW,NO,NO
eab655c4291e3806,PROPOSED_REJECT,constitution_of_india.pdf,52,direct_factual,What does Article 39 state about Certain principles of policy to be followed by the State?,"The
State shall, in particular, direct its policy towards securing—
             (a) that the citizens, men and women equally, have the right to an
      adequate means of livelihood;
             (b) that the ownership and control of the material resources of the
     community are so distributed as best to subserve the common good;
              (c) that the operation of the economic system does not result in the
      concentration  of wealth and means of production  to the common
      detriment;
              (d) that there is equal pay for equal work for both men and women;
              (e) that the health and strength of workers, men and women, and
      the tender age of children are not abused and that citizens are not forced
     by economic necessity to enter avocations unsuited to their age or
       strength;

______________________________________________
1.",Article 39,EXPLICIT_NUMBERED_HEADING,"MATCH: Article 39 heading is present, but the answer omits its continuation.",Supported partial text; answer is incomplete for the broad question.,"The State shall, in particular, direct its policy towards securing— (a) that the citizens, men and women equally, have the right to an adequate means of livelihood; (b) that the ownership and control of the material resources of the community are so distributed as best to subserv",Verbatim excerpt from the candidate passage; whitespace normalized. The declared page text contained the passage; this is not a legal-correctness finding.,answer_incomplete;page_boundary_truncation,,False,,"The question asks broadly what Article 39 states, but the answer stops after clause (e). The original PDF continues on the next page with clause (f) on children?s development and protection.",PENDING_HUMAN_REVIEW,NO,NO
fbd632de04371122,PENDING_HUMAN_REVIEW,consumer_protection_act_2019.pdf,3,definition,How does the Act define consumer dispute?,"(8) ""consumer dispute"" means a dispute where the person against whom a
     complaint has been made, denies or disputes the allegations contained in the complaint;",,UNCONFIRMED,UNCONFIRMED: no reference supplied; source context is Section 2(8).,Textually supported; citation metadata is absent.,"(8) ""consumer dispute"" means a dispute where the person against whom a complaint has been made, denies or disputes the allegations contained in the complaint;",Verbatim excerpt from the candidate passage; whitespace normalized. The declared page text contained the passage; this is not a legal-correctness finding.,reference_unconfirmed,,False,,"The answer matches item (8), ?consumer dispute?, in the Act?s Section 2 definitions, but no legal reference is supplied in the candidate. Confirm and add the source reference during human review.",PENDING_HUMAN_REVIEW,NO,NO
cc07c5756e7d6e7b,PROPOSED_APPROVE,constitution_of_india.pdf,153,condition_exception,What condition or exception is described in the clause beginning “unless sooner dissolved under any law for the…”?,"unless
sooner dissolved under any law for the time being in force, shall continue for
five years from the date appointed for its first meeting and no longer.",Article 243E,EXPLICIT_NUMBERED_HEADING,MATCH: Article 243E(1) is present.,Supported and complete for the scoped clause.,"unless sooner dissolved under any law for the time being in force, shall continue for five years from the date appointed for its first meeting and no longer.",Verbatim excerpt from the candidate passage; whitespace normalized. The declared page text contained the passage; this is not a legal-correctness finding.,,,False,,"The answer reproduces Article 243E(1), including the five-year term and the ?unless sooner dissolved? condition; the cited Article matches.",PENDING_HUMAN_REVIEW,NO,NO
42ece46ffcd8dd91,PROPOSED_REJECT,constitution_of_india.pdf,199,scenario,"According to the passage, what happens if this Constitution had not come into operation?","if
this Constitution had not come into operation, would have accrued to His Majesty
or, as the case may be, to the Ruler of an Indian State by escheat or lapse, or as
bona vacantia for want of a rightful owner, shall, if it is property situate in a
State, vest in such State, and shall, in any other case, vest",Article 296,EXPLICIT_NUMBERED_HEADING,MATCH: Article 296 is present.,Supported fragment but materially incomplete; the missing destination changes the answer.,"if this Constitution had not come into operation, would have accrued to His Majesty or, as the case may be, to the Ruler of an Indian State by escheat or lapse, or as bona vacantia for want of a rightful owner, shall, if it is property situate in a State, vest in such State, and ",Verbatim excerpt from the candidate passage; whitespace normalized. The declared page text contained the passage; this is not a legal-correctness finding.,answer_truncated;page_boundary_truncation,,False,,"The answer ends at ?shall, in any other case, vest?? and omits the destination. The next PDF page completes the sentence: the property vests in the Union.",PENDING_HUMAN_REVIEW,NO,NO
d620512e35308a6c,PROPOSED_REJECT,constitution_of_india.pdf,321,procedure_remedy,"What procedure or remedy is described in the clause beginning “(c) for clause (c), the following clause had…”?","(c)  for  clause  (c),  the  following  clause  had  been
              substituted, namely:—
                            “(c) the transfer of appeals and other proceedings
                  pending before the Regional or District Council or any
                    court constituted by such Council immediately before the
                   date appointed by the President under sub-paragraph
                       (5);",,UNCONFIRMED,UNCONFIRMED: no reference supplied; source is an amendment note in the Sixth Schedule.,"The quoted amendment note is present, but it does not answer the stated question.","(c) for clause (c), the following clause had been substituted, namely:— “(c) the transfer of appeals and other proceedings pending before the Regional or District Council or any court constituted by such Council immediately before the date appointed by the President under sub-par",Verbatim excerpt from the candidate passage; whitespace normalized. The declared page text contained the passage; this is not a legal-correctness finding.,question_malformed;footnote_as_provision;reference_unconfirmed,,False,,"The answer quotes an amendment-history substitution note, not an operative procedure/remedy, and cuts off after ?the date appointed by the President under sub-paragraph (5)?. The question does not identify a coherent legal rule.",PENDING_HUMAN_REVIEW,NO,NO
f535f69c539348fd,PROPOSED_APPROVE,constitution_of_india.pdf,174,rights_duties,"What right, duty, or requirement is described in the clause beginning “(2) The provisions of the Sixth Schedule shall…”?","(2)  The  provisions  of  the  Sixth  Schedule  shall  apply  to  the
administration of the tribal areas in 2[the States of Assam, 3[, 5[Meghalaya,
Tripura and Mizoram]]].",Article 244,EXPLICIT_NUMBERED_HEADING,MATCH: Article 244(2) is present.,Supported and complete for the scoped clause.,"(2) The provisions of the Sixth Schedule shall apply to the administration of the tribal areas in 2[the States of Assam, 3[, 5[Meghalaya, Tripura and Mizoram]]].",Verbatim excerpt from the candidate passage; whitespace normalized. The declared page text contained the passage; this is not a legal-correctness finding.,,,False,,"The answer matches Article 244(2), stating that the Sixth Schedule applies to administration of tribal areas in the listed States.",PENDING_HUMAN_REVIEW,NO,NO
dadaed71c47af958,PROPOSED_APPROVE,constitution_of_india.pdf,150,definition,How does Article 243 define Gram Sabha?,"“Gram Sabha” means a body consisting of persons registered in
      the electoral rolls relating to a village comprised within the area of
      Panchayat at the village level;",Article 243,EXPLICIT_NUMBERED_HEADING,MATCH: Article 243(b) is present.,Supported and complete for the scoped definition.,“Gram Sabha” means a body consisting of persons registered in the electoral rolls relating to a village comprised within the area of Panchayat at the village level;,Verbatim excerpt from the candidate passage; whitespace normalized. The declared page text contained the passage; this is not a legal-correctness finding.,,,False,,"The answer reproduces Article 243(b)?s definition of Gram Sabha, and the citation points to the correct definitions article.",PENDING_HUMAN_REVIEW,NO,NO
da206ca0d0dcda4c,PENDING_HUMAN_REVIEW,consumer_protection_act_2019.pdf,15,condition_exception,"What condition or exception is described in the clause beginning “Provided that the Central Authority may, for every…”?","Provided that the Central Authority may, for every subsequent contravention, prohibit
             such endorser from making endorsement in respect of any product or service for a period
             which may extend to three years.",,UNCONFIRMED,UNCONFIRMED: no reference supplied; source context is the endorser penalty proviso preceding Section 22.,Textually supported; exact provision reference is not included.,"Provided that the Central Authority may, for every subsequent contravention, prohibit such endorser from making endorsement in respect of any product or service for a period which may extend to three years.",Verbatim excerpt from the candidate passage; whitespace normalized. The declared page text contained the passage; this is not a legal-correctness finding.,reference_unconfirmed;scope_uncertain,,False,,"The proviso is present in the source and the answer reproduces it, but the candidate supplies no section reference. The surrounding page places it in the endorser-penalty provision; confirm the exact subsection and scope.",PENDING_HUMAN_REVIEW,NO,NO
ba8229bee203c7d2,PROPOSED_APPROVE,constitution_of_india.pdf,197,direct_factual,What does Article 290 state about Adjustment in respect of certain expenses and pensions?,"Where under the provisions of this Constitution the expenses of any court or
Commission, or the pension payable to or in respect of a person who has served
before the commencement of this Constitution under the Crown in India or
after such commencement in connection with the affairs of the Union or of a
State, are charged on the Consolidated Fund of India or the Consolidated Fund
of a State, then, if—
             (a) in the case of a charge on the Consolidated Fund of India, the
      court or Commission serves any of the separate needs of a State, or the
      person has served wholly or in part in connection with the affairs of a
       State; or
             (b) in the case of a charge on the Consolidated Fund of a State, the
      court or Commission serves any of the separate needs of the Union or
      another State, or the person has served wholly or  in part in connection
      with the affairs of the Union or another State,
there shall be charged on and paid out of the Consolidated Fund of the State or,
as the case may be, the Consolidated Fund of India or the Consolidated Fund of
the other State, such contribution in respect of the expenses or pension as may
be agreed, or as may in default of agreement be determined by an arbitrator to
be appointed by the Chief Justice of India.",Article 290,EXPLICIT_NUMBERED_HEADING,MATCH: Article 290 is present.,Supported and complete for the question.,"Where under the provisions of this Constitution the expenses of any court or Commission, or the pension payable to or in respect of a person who has served before the commencement of this Constitution under the Crown in India or after such commencement in connection with the affa",Verbatim excerpt from the candidate passage; whitespace normalized. The declared page text contained the passage; this is not a legal-correctness finding.,,,False,,"The answer reproduces Article 290?s conditions and contribution mechanism, including the arbitrator route when there is no agreement; the article reference matches.",PENDING_HUMAN_REVIEW,NO,NO
40ae4bf48b2fdef8,PROPOSED_REJECT,constitution_of_india.pdf,73,scenario,"According to the passage, what happens if he ceases to be a member of the House of the People?","if he ceases to be a member of the House of
      the People;
          (b) may at any time, by writing under his hand addressed, if such
     member is the Speaker, to the Deputy Speaker, and if such member is
      the Deputy Speaker, to the Speaker, resign his office;",Article 93,EXPLICIT_NUMBERED_HEADING,"MISMATCH: source is Article 94(a), not Article 93.",Wrong provision and incomplete answer to the ?what happens? question.,"if he ceases to be a member of the House of the People; (b) may at any time, by writing under his hand addressed, if such member is the Speaker, to the Deputy Speaker, and if such member is the Deputy Speaker, to the Speaker, resign his office;",Verbatim excerpt from the candidate passage; whitespace normalized. The declared page text contained the passage; this is not a legal-correctness finding.,citation_mismatch;answer_nonresponsive,,False,,"The candidate cites Article 93, but the quoted rule is Article 94(a). It also repeats the condition (?if he ceases??) without the consequence that the member shall vacate office.",PENDING_HUMAN_REVIEW,NO,NO
c7c26340924bbb43,PENDING_HUMAN_REVIEW,constitution_of_india.pdf,97,procedure_remedy,What procedure or remedy is described in the clause beginning “] (d) rules as to the entertainment of…”?,"]
             (d) rules as to the entertainment of appeals under sub-clause (c) of
      clause (1) of article 134;",,UNCONFIRMED,UNCONFIRMED: no reference supplied; source context is Article 145(1)(d).,Textually supported fragment with an extraction artifact; reference missing.,] (d) rules as to the entertainment of appeals under sub-clause (c) of clause (1) of article 134;,Verbatim excerpt from the candidate passage; whitespace normalized. The declared page text contained the passage; this is not a legal-correctness finding.,reference_unconfirmed;ocr_or_extraction_artifact,,False,,"The quoted rule is present in the Constitution text (Article 145(1)(d)), but the candidate has no reference and the extracted answer begins with a stray closing bracket. Confirm citation and clean extraction before use.",PENDING_HUMAN_REVIEW,NO,NO
f1942c4c4acec9a8,PROPOSED_APPROVE,constitution_of_india.pdf,66,rights_duties,"What right, duty, or requirement is described in the clause beginning “(3) In the performance of his duties the…”?","(3) In the performance of his duties the Attorney-General shall have
right of audience in all courts in the territory of India.",Article 76,EXPLICIT_NUMBERED_HEADING,MATCH: Article 76(3) is present.,Supported and complete for the scoped clause.,(3) In the performance of his duties the Attorney-General shall have right of audience in all courts in the territory of India.,Verbatim excerpt from the candidate passage; whitespace normalized. The declared page text contained the passage; this is not a legal-correctness finding.,,,False,,The answer reproduces Article 76(3)?s right of audience for the Attorney-General in all courts in India; the reference matches.,PENDING_HUMAN_REVIEW,NO,NO
