text,label,review_status,review_notes
What factors should I compare when choosing a mobile phone?,out_of_domain,pending,
How does a university typically calculate a semester grade?,out_of_domain,pending,
How can I create a simple inventory spreadsheet?,out_of_domain,pending,
What should a beginner learn before playing badminton?,out_of_domain,pending,
What causes ocean tides?,out_of_domain,pending,
How do I deploy a small web application?,out_of_domain,pending,
How do building permits generally work for home renovations?,out_of_domain,pending,
Give me ideas for a low-cost birthday celebration.,out_of_domain,pending,
How does a telescope collect light from distant objects?,out_of_domain,pending,
How do solar panels convert sunlight into electricity?,out_of_domain,pending,
What are the main features of a country's monetary policy?,out_of_domain,pending,
Help me create a monthly personal budget.,out_of_domain,pending,
What are common causes of a home Wi-Fi connection dropping?,out_of_domain,pending,
What should I consider when choosing a bicycle?,out_of_domain,pending,
Explain how public transportation route maps are organized.,out_of_domain,pending,
What equipment is useful for a beginner gardener?,out_of_domain,pending,
Explain how recycling facilities sort household waste.,out_of_domain,pending,
How can I plan a beginner-friendly home workout?,out_of_domain,pending,
How can I start learning to bake bread at home?,out_of_domain,pending,
Explain how international organizations coordinate disaster relief.,out_of_domain,pending,
What is the purpose of a virtual environment in Python?,out_of_domain,pending,
How can I organize my study schedule before exams?,out_of_domain,pending,
What factors affect the price of agricultural commodities?,out_of_domain,pending,
How do plants respond to changes in daylight?,out_of_domain,pending,
What is the difference between a debit card and a credit card?,out_of_domain,pending,
Explain the difference between weather and climate.,out_of_domain,pending,
How do international trade agreements affect import costs?,out_of_domain,pending,
How can I care for indoor plants during hot weather?,out_of_domain,pending,
What are some ways to improve drawing proportions?,out_of_domain,pending,
What should I consider when selecting a musical instrument?,out_of_domain,pending,
Why does my Python program raise an IndexError?,out_of_domain,pending,
What are some ways to improve my public speaking?,out_of_domain,pending,
Explain the basic idea behind probability distributions.,out_of_domain,pending,
How can I recognize misleading statistics in a chart?,out_of_domain,pending,
What is the difference between a patent and a trade secret?,out_of_domain,pending,
Why might an API request return a 404 error?,out_of_domain,pending,
How can I compare two laptop specifications?,out_of_domain,pending,
Explain how workplace safety inspections generally operate.,out_of_domain,pending,
How can I learn basic conversational Spanish?,out_of_domain,pending,
Suggest activities for a rainy weekend at home.,out_of_domain,pending,
Explain how photosynthesis works in simple terms.,out_of_domain,pending,
Help me prepare a weekly grocery list for two people.,out_of_domain,pending,
What is the role of bacteria in food fermentation?,out_of_domain,pending,
Why does the Moon appear to change shape during the month?,out_of_domain,pending,
How do insurance companies estimate vehicle repair costs?,out_of_domain,pending,
Suggest a simple vegetarian dinner using rice and vegetables.,out_of_domain,pending,
Give me a checklist for moving into a new apartment.,out_of_domain,pending,
Suggest ways to reduce food waste in my kitchen.,out_of_domain,pending,
Why do earthquakes occur near tectonic plate boundaries?,out_of_domain,pending,
How do I fix a Java program that cannot find its main method?,out_of_domain,pending,
How can I build a simple daily meditation habit?,out_of_domain,pending,
Explain how Git branches work when collaborating on a project.,out_of_domain,pending,
What are the stages of the water cycle?,out_of_domain,pending,
What causes a database query to become slow?,out_of_domain,pending,
Suggest a packing checklist for a three-day trip.,out_of_domain,pending,
Explain the difference between supervised and unsupervised learning.,out_of_domain,pending,
Explain how electric vehicles store and use energy.,out_of_domain,pending,
How do noise-cancelling headphones work?,out_of_domain,pending,
Explain the basic rules of chess to a beginner.,out_of_domain,pending,
How can I reduce memory usage in a machine learning model?,out_of_domain,pending,
What is the difference between mass and weight?,out_of_domain,pending,
How do unit tests help prevent software bugs?,out_of_domain,pending,
What should I look for when comparing internet plans?,out_of_domain,pending,
How can I debug a React component that fails to render?,out_of_domain,pending,
Explain the difference between CPU and GPU computation.,out_of_domain,pending,
What is the purpose of a password manager?,out_of_domain,pending,
What should I include in a software project README?,out_of_domain,pending,
How can I protect important files from accidental deletion?,out_of_domain,pending,
Suggest a reading plan for someone returning to novels.,out_of_domain,pending,
How do birds navigate during seasonal migration?,out_of_domain,pending,
How should I prepare for a job interview?,out_of_domain,pending,
Suggest a beginner itinerary for exploring a new city.,out_of_domain,pending,
Help me understand the difference between a list and a tuple in Python.,out_of_domain,pending,
Explain the basics of copyright protection for a photograph.,out_of_domain,pending,
How does compound interest work in a savings account?,out_of_domain,pending,
Why do some materials conduct electricity better than others?,out_of_domain,pending,
Explain how sound waves travel through air.,out_of_domain,pending,
What are the differences between renewable energy sources?,out_of_domain,pending,
How can I design a responsive navigation menu?,out_of_domain,pending,
Help me plan a two-day visit to a hill station.,out_of_domain,pending,
Suggest indoor games for a small group of friends.,out_of_domain,pending,
How can I practice taking better photographs with a phone?,out_of_domain,pending,
How can I make a presentation easier for an audience to follow?,out_of_domain,pending,
Rewrite this paragraph to sound more professional.,out_of_domain,pending,
How can I remove a coffee stain from a cotton shirt?,out_of_domain,pending,
