candidate_id,preliminary_recommendation,source_pdf,pdf_page,question_type,failure_pattern_groups,specific_issue_flags,duplicate_flags,reference_status,original_question,original_reference,original_form_decision,correction_candidate,correction_disposition,analysis_note
004dd69be0a72aeb,PROPOSED_REJECT,constitution_of_india.pdf,35,rights_duties,wrong_citation,citation_mismatch,,EXPLICIT_NUMBERED_HEADING,"What right, duty, or requirement is described in the clause beginning “and (b)(i) in the case where such person…”?",Article 5,PENDING,YES,SUGGESTED_ONLY_NOT_APPROVED,Correct Article 5 to Article 6 and ask about the conditions in the quoted subclauses.
edb58504d9963e5a,PROPOSED_REJECT,consumer_protection_act_2019.pdf,2,definition,incomplete_answer,answer_incomplete,,EXPLICIT_NUMBERED_HEADING,How does Section 2(5) define complainant?,Section 2(5),PENDING,YES,SUGGESTED_ONLY_NOT_APPROVED,Complete omitted items (ii)?(vii) using the same-page definition.
81ddc6564ee9b1bd,PENDING_HUMAN_REVIEW,constitution_of_india.pdf,225,comparison,missing_reference;duplicate_or_repeated_answer;uncertain_legal_interpretation,reference_unconfirmed;possible_exact_duplicate,REPEATED_ANSWER_TEMPLATE; REPEATED_EXACT_ANSWER,UNCONFIRMED,What comparison does the passage explicitly make?,,PENDING,YES,SUGGESTED_ONLY_NOT_APPROVED,Replace the vague question and add its heading-based reference. Duplicate/repeated-answer warning remains.
0dd8417bbfe6d7bc,PROPOSED_REJECT,constitution_of_india.pdf,69,condition_exception,incomplete_answer,answer_truncated,,EXPLICIT_NUMBERED_HEADING,What condition or exception is described in the clause beginning “Provided that such readjustment shall not affect representation…”?,Article 82,PENDING,YES,SUGGESTED_ONLY_NOT_APPROVED,"Narrow the question to the complete first proviso already in evidence, not the truncated following clause."
0a9552ef52cfaff9,PROPOSED_REJECT,constitution_of_india.pdf,376,definition,wrong_citation;poorly_formed_question,citation_mismatch;question_misattribution,,EXPLICIT_NUMBERED_HEADING,How does Article 1 define paragraph?,Article 1,PENDING,YES,SUGGESTED_ONLY_NOT_APPROVED,"This is Schedule paragraph 1(d), not Article 1."
037ef144b3e5c1ea,PROPOSED_APPROVE,constitution_of_india.pdf,157,direct_factual,no_material_defect_identified_in_first_pass,,,EXPLICIT_NUMBERED_HEADING,What does Article 243O state about Bar to interference by courts in electoral matters?,Article 243O,PENDING,NO,NO_SAFE_WORDING_CORRECTION_FROM_CURRENT_EVIDENCE,The question asks about Article 243O and the answer reproduces its two stated bars to court interference in Panchayat electoral matters.
1c53f50edc89caed,PROPOSED_REJECT,constitution_of_india.pdf,95,procedure_remedy,wrong_citation;ocr_or_extraction_issue,citation_mismatch;ocr_or_extraction_artifact,,EXPLICIT_NUMBERED_HEADING,"What procedure or remedy is described in the clause beginning “] (2) The Supreme Court may, if it…”?",Article 138,PENDING,YES,SUGGESTED_ONLY_NOT_APPROVED,Correct Article 138 to Article 139A(2) and remove the stray bracket.
014cfafe86aae67e,PROPOSED_REJECT,constitution_of_india.pdf,194,rights_duties,wrong_citation;ocr_or_extraction_issue,citation_mismatch;ocr_or_extraction_artifact,,EXPLICIT_NUMBERED_HEADING,"What right, duty, or requirement is described in the clause beginning “—(1) The custody of the Consolidated Fund of…”?",Article 281,PENDING,YES,SUGGESTED_ONLY_NOT_APPROVED,"The answer is from Article 283(1), not Article 281; remove the stray dash."
06f032849da5dbd4,PROPOSED_REJECT,constitution_of_india.pdf,214,scenario,incomplete_answer,answer_nonresponsive;answer_incomplete,,EXPLICIT_NUMBERED_HEADING,"According to the passage, what happens if the causes of action on which such suits or proceedings are based had arisen after such establishment?",Article 323A,PENDING,YES,SUGGESTED_ONLY_NOT_APPROVED,Replace the isolated condition with the complete transfer proposition in the clause.
fe25da3c7158a625,PROPOSED_REJECT,consumer_protection_act_2019.pdf,24,condition_exception,incomplete_answer;missing_reference,answer_fragment;reference_unconfirmed,,UNCONFIRMED,What condition or exception is described in the clause beginning “if the interest of justice so requires.”?,,PENDING,YES,SUGGESTED_ONLY_NOT_APPROVED,Use the complete Section 48 sentence rather than its final condition fragment.
f8d48d6abe1c9354,PENDING_HUMAN_REVIEW,constitution_of_india.pdf,124,direct_factual,incomplete_answer;poorly_formed_question,answer_incomplete;question_scope_broad,,EXPLICIT_NUMBERED_HEADING,What does Article 204 state about Appropriation Bills?,Article 204,PENDING,YES,SUGGESTED_ONLY_NOT_APPROVED,Narrow the broad question to the subsection the answer covers.
e6f5df6480d94525,PROPOSED_REJECT,constitution_of_india.pdf,127,scenario,incomplete_answer;poorly_formed_question;duplicate_or_repeated_answer,question_malformed;answer_truncated;near_duplicate,,EXPLICIT_NUMBERED_HEADING,"According to the passage, what happens if the words “or in English” were omitted therefrom: 1[Provided that in relation to the 2[Legislatures of the States of Himachal Pradesh?",Article 210,PENDING,NO,NO_SAFE_WORDING_CORRECTION_FROM_CURRENT_EVIDENCE,The question is malformed and mixes a clause with an amendment proviso. The answer is truncated mid-name (?Arunachal P??) in Article 210 and does not provide a coherent response.
e9786ae6f8f15f02,PENDING_HUMAN_REVIEW,constitution_of_india.pdf,94,procedure_remedy,duplicate_or_repeated_answer,possible_exact_duplicate;repeated_answer_template,REPEATED_ANSWER_TEMPLATE; REPEATED_EXACT_ANSWER,EXPLICIT_NUMBERED_HEADING,"What procedure or remedy is described in the clause beginning “—(1) Notwithstanding anything in this Chapter, the Supreme…”?",Article 136,PENDING,NO,NO_SAFE_WORDING_CORRECTION_FROM_CURRENT_EVIDENCE,"The answer matches Article 136(1) for the clause named in the question, and the reference matches; however, the batch flags this as a repeated exact answer/template, so uniqueness should be checked before retention."
fbde0aa31a8f63b3,PENDING_HUMAN_REVIEW,consumer_protection_act_2019.pdf,5,definition,missing_reference,reference_unconfirmed,,UNCONFIRMED,How does the Act define injury?,,PENDING,YES,SUGGESTED_ONLY_NOT_APPROVED,Add the section/item reference explicit in the source.
ffada58d009e6dde,PROPOSED_REJECT,constitution_of_india.pdf,127,condition_exception,incomplete_answer;duplicate_or_repeated_answer,answer_truncated;near_duplicate,NEAR_QUESTION_DUPLICATE,EXPLICIT_NUMBERED_HEADING,What condition or exception is described in the clause beginning “Unless the Legislature of the State by law…”?,Article 210,PENDING,YES,SUGGESTED_ONLY_NOT_APPROVED,Replace malformed near-duplicate wording with a complete question about the first proviso; check candidate e6f5df6480d94525 for duplication.
fe7d73898eca8201,PROPOSED_REJECT,constitution_of_india.pdf,45,rights_duties,wrong_citation,citation_mismatch,,EXPLICIT_NUMBERED_HEADING,"What right, duty, or requirement is described in the clause beginning “—In sub-clause (b) of clause (2), the reference…”?",Article 24,PENDING,YES,SUGGESTED_ONLY_NOT_APPROVED,"Correct Article 24 to Article 25(2), Explanation II."
f5647ecdfb8edd4f,PROPOSED_APPROVE,constitution_of_india.pdf,182,direct_factual,no_material_defect_identified_in_first_pass,,,EXPLICIT_NUMBERED_HEADING,What does Article 263 state about Provisions with respect to an inter-State Council?,Article 263,PENDING,NO,NO_SAFE_WORDING_CORRECTION_FROM_CURRENT_EVIDENCE,The question names Article 263 and the answer reproduces the provision?s stated circumstances and the President?s power to establish an inter-State Council.
b268a450d367bf03,PENDING_HUMAN_REVIEW,constitution_of_india.pdf,117,scenario,poorly_formed_question;uncertain_legal_interpretation,question_ambiguous,,EXPLICIT_NUMBERED_HEADING,"According to the passage, what happens if he is so disqualified by or under any law made by Parliament. 2[Explanation.—For the purposes of this clause]?",Article 191,PENDING,YES,SUGGESTED_ONLY_NOT_APPROVED,Separate the explanation from the preceding disqualification condition.
64257f501275a7c1,PROPOSED_REJECT,consumer_protection_act_2019.pdf,16,procedure_remedy,incomplete_answer;missing_reference,answer_missing_substance;reference_unconfirmed,,UNCONFIRMED,What procedure or remedy is described in the clause beginning “CHAPTER IV CONSUMER DISPUTES REDRESSAL COMMISSION Establishment 28.”?,,PENDING,YES,SUGGESTED_ONLY_NOT_APPROVED,Replace the chapter heading fragment with the operative rule and proviso.
fcfc86a574176015,PROPOSED_REJECT,constitution_of_india.pdf,63,rights_duties,wrong_citation,citation_mismatch,,EXPLICIT_NUMBERED_HEADING,"What right, duty, or requirement is described in the clause beginning “—(1) All doubts and disputes arising out of…”?",Article 70,PENDING,YES,SUGGESTED_ONLY_NOT_APPROVED,Correct Article 70 to Article 71(1) and ask directly about the provision.
fa63b0dfbf03cfe8,PROPOSED_APPROVE,constitution_of_india.pdf,253,definition,no_material_defect_identified_in_first_pass,,,EXPLICIT_NUMBERED_HEADING,How does Article 366 define agricultural income?,Article 366,PENDING,NO,NO_SAFE_WORDING_CORRECTION_FROM_CURRENT_EVIDENCE,The question asks for Article 366?s definition of agricultural income; the answer matches item (1) in the cited definitions provision.
f60b551073179690,PROPOSED_REJECT,constitution_of_india.pdf,376,condition_exception,wrong_citation;poorly_formed_question,citation_mismatch;question_misattribution,,EXPLICIT_NUMBERED_HEADING,What condition or exception is described in the clause beginning “if he has voluntarily given up his membership…”?,Article 2,PENDING,YES,SUGGESTED_ONLY_NOT_APPROVED,"This is a Tenth Schedule paragraph, not Article 2; include the clause lead-in."
f15449dba95b5065,PENDING_HUMAN_REVIEW,constitution_of_india.pdf,133,direct_factual,uncertain_legal_interpretation,current_law_status_uncertain;amendment_footnote,,EXPLICIT_NUMBERED_HEADING,What does Article 222 state about Transfer of a Judge from one High Court to another?,Article 222,PENDING,NO,NO_SAFE_WORDING_CORRECTION_FROM_CURRENT_EVIDENCE,"The answer matches Article 222(1) as printed, but the source?s amendment footnote states that the cited National Judicial Appointments Commission amendment was struck down. The supplied PDF alone does not settle the currently operative wording."
d9dfd76da2fe00b5,PROPOSED_REJECT,consumer_protection_act_2019.pdf,23,scenario,incomplete_answer;poorly_formed_question;missing_reference,question_answer_mismatch;answer_truncated;reference_unconfirmed,,UNCONFIRMED,"According to the passage, what happens if there is a majority?",,PENDING,YES,SUGGESTED_ONLY_NOT_APPROVED,Replace the malformed majority question and truncated equal-division answer. The final sentence continues on PDF page 24 and was checked there.
e7b9568884b0bbc8,PROPOSED_REJECT,constitution_of_india.pdf,92,procedure_remedy,wrong_citation;duplicate_or_repeated_answer,citation_mismatch,REPEATED_ANSWER_TEMPLATE; REPEATED_EXACT_ANSWER,EXPLICIT_NUMBERED_HEADING,What procedure or remedy is described in the clause beginning “—(1) An appeal shall lie to the Supreme…”?,Article 131,PENDING,YES,SUGGESTED_ONLY_NOT_APPROVED,Correct Article 131 to Article 132(1).
fb671b1434235def,PROPOSED_APPROVE,constitution_of_india.pdf,163,rights_duties,no_material_defect_identified_in_first_pass,,,EXPLICIT_NUMBERED_HEADING,"What right, duty, or requirement is described in the clause beginning “(2) The Governor shall cause every recommendation made…”?",Article 243Y,PENDING,YES,SUGGESTED_ONLY_NOT_APPROVED,Optional precision edit; the existing text is source-supported.
ed50b49df25f6058,PROPOSED_APPROVE,constitution_of_india.pdf,95,direct_factual,no_material_defect_identified_in_first_pass,,,EXPLICIT_NUMBERED_HEADING,What does Article 140 state about Ancillary powers of the Supreme Court?,Article 140,PENDING,NO,NO_SAFE_WORDING_CORRECTION_FROM_CURRENT_EVIDENCE,The question names Article 140 and the answer reproduces its provision on Parliament enabling supplemental powers for the Supreme Court.
eab8471a2d4849b5,PROPOSED_REJECT,constitution_of_india.pdf,334,definition,wrong_citation;poorly_formed_question,citation_mismatch;question_misattribution;footnote_as_provision,,EXPLICIT_NUMBERED_HEADING,How does Article 119 define Memorandum of Settlement?,Article 119,PENDING,NO,NO_SAFE_WORDING_CORRECTION_FROM_CURRENT_EVIDENCE,"The Memorandum of Settlement definition appears in an amendment note to paragraph 19 of the Sixth Schedule, not in the cited ?Article 119?. The nearby numbered paragraph 119 is a separate transitional provision."
ccf81f752f160b71,PROPOSED_APPROVE,constitution_of_india.pdf,96,condition_exception,no_material_defect_identified_in_first_pass,,,EXPLICIT_NUMBERED_HEADING,What condition or exception is described in the clause beginning “If at any time it appears to the…”?,Article 143,PENDING,NO,NO_SAFE_WORDING_CORRECTION_FROM_CURRENT_EVIDENCE,The question asks about the Article 143(1) ?If at any time?? clause; the answer reproduces the President?s reference of a public-importance question and the Court?s opinion.
d7ba0f6ff8b6349a,PROPOSED_REJECT,consumer_protection_act_2019.pdf,24,scenario,incomplete_answer;poorly_formed_question;missing_reference,question_malformed;answer_nonresponsive;reference_unconfirmed,,UNCONFIRMED,"According to the passage, what happens if the National Commission is satisfied that the case involves a substantial question of law. (3) In an appeal involving a question of law?",,PENDING,YES,SUGGESTED_ONLY_NOT_APPROVED,"State the consequence and cite subsection (2), without conflating subsection (3)."
e7dda45e24d43b89,PENDING_HUMAN_REVIEW,constitution_of_india.pdf,320,procedure_remedy,missing_reference;uncertain_legal_interpretation,reference_unconfirmed;scope_uncertain,,UNCONFIRMED,What procedure or remedy is described in the clause beginning “(c) the procedure to be followed by the…”?,,PENDING,YES,SUGGESTED_ONLY_NOT_APPROVED,The surrounding source text identifies paragraph 14; add it and make the sub-clause a complete answer.
f7dd9b76b71d5183,PROPOSED_REJECT,constitution_of_india.pdf,311,rights_duties,wrong_citation;poorly_formed_question;duplicate_or_repeated_answer,citation_mismatch;question_malformed;footnote_as_provision;near_duplicate,NEAR_QUESTION_DUPLICATE,EXPLICIT_NUMBERED_HEADING,"What right, duty, or requirement is described in the clause beginning “2, so as to insert the following proviso…”?",Article 21,PENDING,NO,NO_SAFE_WORDING_CORRECTION_FROM_CURRENT_EVIDENCE,"The question and answer quote an amendment-history footnote about a proviso inserted into paragraph 1 of the Sixth Schedule; they do not describe a right, duty, or requirement under the cited Article 21. The question is malformed and flagged near-duplicate."
eafd86e56094bb25,PROPOSED_APPROVE,constitution_of_india.pdf,33,direct_factual,no_material_defect_identified_in_first_pass,,,EXPLICIT_NUMBERED_HEADING,What does Article 2 state about Admission or establishment of new States?,Article 2,PENDING,NO,NO_SAFE_WORDING_CORRECTION_FROM_CURRENT_EVIDENCE,The answer matches Article 2?s rule that Parliament may by law admit or establish new States on terms and conditions it thinks fit.
dfe75d1781e7d3d1,PROPOSED_APPROVE,constitution_of_india.pdf,190,definition,no_material_defect_identified_in_first_pass,,,EXPLICIT_NUMBERED_HEADING,How does Article 279 define net proceeds?,Article 279,PENDING,YES,SUGGESTED_ONLY_NOT_APPROVED,"Trim subsection (2), which is outside the definition asked for."
fbac661dc9c90700,PENDING_HUMAN_REVIEW,consumer_protection_act_2019.pdf,15,condition_exception,incomplete_answer;missing_reference,answer_fragment;reference_unconfirmed,,UNCONFIRMED,What condition or exception is described in the clause beginning “if he has any reason to believe that…”?,,PENDING,YES,SUGGESTED_ONLY_NOT_APPROVED,Supply the omitted actors and all three powers explicitly listed in the source.
43a1040f3801e6b3,PROPOSED_REJECT,constitution_of_india.pdf,122,scenario,incomplete_answer;poorly_formed_question,question_malformed;answer_truncated,,EXPLICIT_NUMBERED_HEADING,"According to the passage, what happens if it is not a Money Bill together with a message requesting that the House or Houses will reconsider the Bill or any specified provisions thereof and?",Article 200,PENDING,NO,NO_SAFE_WORDING_CORRECTION_FROM_CURRENT_EVIDENCE,The question is malformed and the answer cuts off at ?passed again by the House or Hous??. Article 200 continues that the Bill is presented again and the Governor shall not withhold assent; that outcome is missing.
e68a624739eb7a46,PROPOSED_REJECT,constitution_of_india.pdf,12,procedure_remedy,incomplete_answer;poorly_formed_question;missing_reference,table_of_contents_only;answer_missing_substance;reference_unconfirmed,,UNCONFIRMED,What procedure or remedy is described in the clause beginning “Certificate for appeal to the Supreme Court.”?,,PENDING,NO,NO_SAFE_WORDING_CORRECTION_FROM_CURRENT_EVIDENCE,"The candidate passage is a table-of-contents entry (?Certificate for appeal to the Supreme Court?), not the operative text of a procedure or remedy. No answer beyond the heading is supplied."
f6adb89377a3f28e,PROPOSED_REJECT,constitution_of_india.pdf,177,rights_duties,wrong_citation,citation_mismatch,,EXPLICIT_NUMBERED_HEADING,"What right, duty, or requirement is described in the clause beginning “(2) A resolution passed under clause (1) shall…”?",Article 248,PENDING,YES,SUGGESTED_ONLY_NOT_APPROVED,"The quoted rule is Article 249(2), not Article 248."
eab655c4291e3806,PROPOSED_REJECT,constitution_of_india.pdf,52,direct_factual,incomplete_answer,answer_incomplete;page_boundary_truncation,,EXPLICIT_NUMBERED_HEADING,What does Article 39 state about Certain principles of policy to be followed by the State?,Article 39,PENDING,YES,SUGGESTED_ONLY_NOT_APPROVED,Narrow the question to clauses (a)?(e) included in the evidence.
fbd632de04371122,PENDING_HUMAN_REVIEW,consumer_protection_act_2019.pdf,3,definition,missing_reference,reference_unconfirmed,,UNCONFIRMED,How does the Act define consumer dispute?,,PENDING,YES,SUGGESTED_ONLY_NOT_APPROVED,Add the explicit Section 2(8) reference.
cc07c5756e7d6e7b,PROPOSED_APPROVE,constitution_of_india.pdf,153,condition_exception,no_material_defect_identified_in_first_pass,,,EXPLICIT_NUMBERED_HEADING,What condition or exception is described in the clause beginning “unless sooner dissolved under any law for the…”?,Article 243E,PENDING,NO,NO_SAFE_WORDING_CORRECTION_FROM_CURRENT_EVIDENCE,"The answer reproduces Article 243E(1), including the five-year term and the ?unless sooner dissolved? condition; the cited Article matches."
42ece46ffcd8dd91,PROPOSED_REJECT,constitution_of_india.pdf,199,scenario,incomplete_answer,answer_truncated;page_boundary_truncation,,EXPLICIT_NUMBERED_HEADING,"According to the passage, what happens if this Constitution had not come into operation?",Article 296,PENDING,YES,SUGGESTED_ONLY_NOT_APPROVED,Complete the answer with the Union destination explicitly present at the end of the supplied full provision.
d620512e35308a6c,PROPOSED_REJECT,constitution_of_india.pdf,321,procedure_remedy,poorly_formed_question;missing_reference,question_malformed;footnote_as_provision;reference_unconfirmed,,UNCONFIRMED,"What procedure or remedy is described in the clause beginning “(c) for clause (c), the following clause had…”?",,PENDING,NO,NO_SAFE_WORDING_CORRECTION_FROM_CURRENT_EVIDENCE,"The answer quotes an amendment-history substitution note, not an operative procedure/remedy, and cuts off after ?the date appointed by the President under sub-paragraph (5)?. The question does not identify a coherent legal rule."
f535f69c539348fd,PROPOSED_APPROVE,constitution_of_india.pdf,174,rights_duties,no_material_defect_identified_in_first_pass,,,EXPLICIT_NUMBERED_HEADING,"What right, duty, or requirement is described in the clause beginning “(2) The provisions of the Sixth Schedule shall…”?",Article 244,PENDING,NO,NO_SAFE_WORDING_CORRECTION_FROM_CURRENT_EVIDENCE,"The answer matches Article 244(2), stating that the Sixth Schedule applies to administration of tribal areas in the listed States."
dadaed71c47af958,PROPOSED_APPROVE,constitution_of_india.pdf,150,definition,no_material_defect_identified_in_first_pass,,,EXPLICIT_NUMBERED_HEADING,How does Article 243 define Gram Sabha?,Article 243,PENDING,NO,NO_SAFE_WORDING_CORRECTION_FROM_CURRENT_EVIDENCE,"The answer reproduces Article 243(b)?s definition of Gram Sabha, and the citation points to the correct definitions article."
da206ca0d0dcda4c,PENDING_HUMAN_REVIEW,consumer_protection_act_2019.pdf,15,condition_exception,missing_reference;uncertain_legal_interpretation,reference_unconfirmed;scope_uncertain,,UNCONFIRMED,"What condition or exception is described in the clause beginning “Provided that the Central Authority may, for every…”?",,PENDING,YES,SUGGESTED_ONLY_NOT_APPROVED,Add the subsection reference confirmed by the preceding text and scope the question to the subsequent-contravention power.
ba8229bee203c7d2,PROPOSED_APPROVE,constitution_of_india.pdf,197,direct_factual,no_material_defect_identified_in_first_pass,,,EXPLICIT_NUMBERED_HEADING,What does Article 290 state about Adjustment in respect of certain expenses and pensions?,Article 290,PENDING,NO,NO_SAFE_WORDING_CORRECTION_FROM_CURRENT_EVIDENCE,"The answer reproduces Article 290?s conditions and contribution mechanism, including the arbitrator route when there is no agreement; the article reference matches."
40ae4bf48b2fdef8,PROPOSED_REJECT,constitution_of_india.pdf,73,scenario,wrong_citation;incomplete_answer,citation_mismatch;answer_nonresponsive,,EXPLICIT_NUMBERED_HEADING,"According to the passage, what happens if he ceases to be a member of the House of the People?",Article 93,PENDING,YES,SUGGESTED_ONLY_NOT_APPROVED,"Correct Article 93 to Article 94(a) and state the consequence, not just the condition."
c7c26340924bbb43,PENDING_HUMAN_REVIEW,constitution_of_india.pdf,97,procedure_remedy,missing_reference;ocr_or_extraction_issue,reference_unconfirmed;ocr_or_extraction_artifact,,UNCONFIRMED,What procedure or remedy is described in the clause beginning “] (d) rules as to the entertainment of…”?,,PENDING,YES,SUGGESTED_ONLY_NOT_APPROVED,Add the source reference and remove the stray bracket.
f1942c4c4acec9a8,PROPOSED_APPROVE,constitution_of_india.pdf,66,rights_duties,no_material_defect_identified_in_first_pass,,,EXPLICIT_NUMBERED_HEADING,"What right, duty, or requirement is described in the clause beginning “(3) In the performance of his duties the…”?",Article 76,PENDING,NO,NO_SAFE_WORDING_CORRECTION_FROM_CURRENT_EVIDENCE,The answer reproduces Article 76(3)?s right of audience for the Attorney-General in all courts in India; the reference matches.
