candidate_id,priority_group,correction_status,changed_fields,original_question,proposed_question,original_answer,proposed_answer,original_reference,proposed_reference,change_notes,source_document,pdf_page_1_based,evidence_notes,unresolved_issues,human_decision,approved
0a9552ef52cfaff9,READY_FOR_HUMAN_REVIEW,SUGGESTED_ONLY_NOT_APPROVED,question;answer;reference,How does Article 1 define paragraph?,"How does paragraph 1(d) of the Tenth Schedule define ""paragraph""?","""paragraph"" means a paragraph of this Schedule.","""Paragraph"" means a paragraph of this Schedule.",Article 1,"Tenth Schedule, paragraph 1(d)",,constitution_of_india.pdf,376,"The Tenth Schedule paragraph 1(d) definition says ""paragraph"" means a paragraph of that Schedule. Citation check: CONSISTENT. No material source ambiguity found in the scoped text.",No material source ambiguity found in the scoped text.,NOT_ENTERED,NO
1c53f50edc89caed,READY_FOR_HUMAN_REVIEW,SUGGESTED_ONLY_NOT_APPROVED,question;answer;reference,"What procedure or remedy is described in the clause beginning “] (2) The Supreme Court may, if it…”?",What transfer power is stated in Article 139A(2)?,"]
       (2) The Supreme Court may, if it deems it expedient so to do for the ends
of justice, transfer any case, appeal or other proceedings pending before any
High Court to any other High Court.","The Supreme Court may, if it deems it expedient so to do for the ends of justice, transfer any case, appeal or other proceeding pending before any High Court to any other High Court.",Article 138,Article 139A(2),,constitution_of_india.pdf,95,"Article 139A(2) authorizes the Supreme Court, when it deems transfer expedient for the ends of justice, to transfer a case, appeal, or other proceeding pending before one High Court to another High Court. Citation check: CONSISTENT. The proposed wording is a paraphrase; human review should retain the express ends-of-justice condition.",The proposed wording is a paraphrase; human review should retain the express ends-of-justice condition.,NOT_ENTERED,NO
014cfafe86aae67e,READY_FOR_HUMAN_REVIEW,SUGGESTED_ONLY_NOT_APPROVED,question;answer;reference,"What right, duty, or requirement is described in the clause beginning “—(1) The custody of the Consolidated Fund of…”?","Under Article 283(1), how are the specified Union funds and public-account matters regulated until Parliament makes provision by law?","—(1)  The  custody  of  the
Consolidated Fund of India and the Contingency Fund of India, the payment of
moneys into such Funds, the withdrawal of moneys therefrom, the custody of
public moneys other than those credited to such Funds received by or on behalf
of the Government of India, their payment into the public account of India and
the withdrawal of moneys from such account and all other matters connected
with or ancillary to matters aforesaid shall be regulated by law made by
Parliament, and, until provision in that behalf is so made, shall be regulated by
rules made by the President.",They are regulated by rules made by the President until provision is made by a law of Parliament.,Article 281,Article 283(1),,constitution_of_india.pdf,194,"Article 283(1) provides for rules by the President, pending parliamentary provision by law, on the covered Union funds and public-account matters. Citation check: CONSISTENT. The answer relies on the question's ""specified funds and public-account matters"" for scope.","The answer relies on the question's ""specified funds and public-account matters"" for scope.",NOT_ENTERED,NO
06f032849da5dbd4,READY_FOR_HUMAN_REVIEW,SUGGESTED_ONLY_NOT_APPROVED,question;answer;reference,"According to the passage, what happens if the causes of action on which such suits or proceedings are based had arisen after such establishment?",What may a law under Article 323A(2)(e) provide for in relation to certain cases pending when an administrative tribunal is established?,"if  the causes  of  action on which such  suits  or
      proceedings are based had arisen after such establishment;
             (f) repeal or amend any order made by the President under clause (3)
      of article 371D;",It may provide for transfer to the tribunal of cases pending before a court or other authority immediately before establishment that would have fallen within the tribunal's jurisdiction if their causes of action had arisen after establishment.,Article 323A,Article 323A(2)(e),,constitution_of_india.pdf,214,"Article 323A(2)(e) supports a law providing for transfer to an administrative tribunal of qualifying cases pending immediately before its establishment. Citation check: CONSISTENT. Human review should compare the exact ""would have been within jurisdiction"" qualification against the original page.","Human review should compare the exact ""would have been within jurisdiction"" qualification against the original page.",NOT_ENTERED,NO
fe25da3c7158a625,READY_FOR_HUMAN_REVIEW,SUGGESTED_ONLY_NOT_APPROVED,question;answer;reference,What condition or exception is described in the clause beginning “if the interest of justice so requires.”?,When may the State Commission transfer a complaint pending before a District Commission to another District Commission in the State?,"if the interest of justice so
                requires.","On the complainant's application or on its own motion, the State Commission may transfer such a complaint at any stage of the proceeding if the interest of justice so requires.",,Section 48,,consumer_protection_act_2019.pdf,24,"Section 48 states that, on the complainant's application or on its own motion, the State Commission may transfer a complaint at any stage if the interest of justice so requires. Citation check: CONSISTENT. No material source ambiguity found for the asked transfer conditions.",No material source ambiguity found for the asked transfer conditions.,NOT_ENTERED,NO
fbde0aa31a8f63b3,READY_FOR_HUMAN_REVIEW,SUGGESTED_ONLY_NOT_APPROVED,question;answer;reference,How does the Act define injury?,"How does Section 2(23) define ""injury""?","(23) ""injury"" means any harm whatever illegally caused to any person, in body,
                mind or property;","""Injury"" means any harm whatever illegally caused to any person, in body, mind or property.",,Section 2(23),,consumer_protection_act_2019.pdf,5,"Section 2(23) defines injury as harm illegally caused to a person in body, mind, or property; the suggested answer conveys that definition. Citation check: CONSISTENT. Normalize punctuation only after checking the PDF; the definition text is source-supported.",Normalize punctuation only after checking the PDF; the definition text is source-supported.,NOT_ENTERED,NO
ffada58d009e6dde,READY_FOR_HUMAN_REVIEW,SUGGESTED_ONLY_NOT_APPROVED,question;answer;reference,What condition or exception is described in the clause beginning “Unless the Legislature of the State by law…”?,"Under the first proviso to Article 210(2), what period replaces fifteen years for the Legislatures of Himachal Pradesh, Manipur, Meghalaya and Tripura?","Unless the Legislature of the State by law otherwise provides, this
article  shall,  after  the  expiration of a  period of  fifteen  years from  the
commencement of this Constitution, have effect as if the words “or in English”
were omitted therefrom:
      1[Provided that in relation to the 2[Legislatures of the States of Himachal
Pradesh, Manipur, Meghalaya and Tripura] this clause shall have effect as if for
the words “fifteen years” occurring therein, the words “twenty-five years” were
substituted:]
      3[Provided further that in relation to the 4[Legislatures of the States of
5[Arunachal Pradesh, Goa and Mizoram]], this clause shall have effect as if for
______________________________________________
1.","For those Legislatures, ""twenty-five years"" is substituted for ""fifteen years"".",Article 210,"Article 210(2), first proviso",,constitution_of_india.pdf,127,"The first proviso to Article 210(2) substitutes twenty-five years for fifteen years for the listed State Legislatures. Citation check: CONSISTENT. Suggested answer contains question marks where quotation marks appear intended; this is a presentation defect, not a legal conclusion.","Suggested answer contains question marks where quotation marks appear intended; this is a presentation defect, not a legal conclusion.",NOT_ENTERED,NO
fe7d73898eca8201,READY_FOR_HUMAN_REVIEW,SUGGESTED_ONLY_NOT_APPROVED,question;answer;reference,"What right, duty, or requirement is described in the clause beginning “—In sub-clause (b) of clause (2), the reference…”?",What does Explanation II to Article 25(2)(b) say about the reference to Hindus and Hindu religious institutions?,"—In sub-clause (b) of clause (2), the reference to Hindus
shall be construed as including a reference to persons professing the Sikh, Jaina
or Buddhist religion, and the reference to Hindu religious institutions shall be
construed accordingly.","It says the reference to Hindus includes persons professing the Sikh, Jaina or Buddhist religion, and the reference to Hindu religious institutions is construed accordingly.",Article 24,"Article 25(2), Explanation II",,constitution_of_india.pdf,45,"Explanation II to Article 25(2) includes persons professing Sikh, Jaina, or Buddhist religion in the reference to Hindus and applies the construction correspondingly to Hindu religious institutions. Citation check: CONSISTENT. Human review should preserve the source's ""construed as including"" and ""construed accordingly"" language.","Human review should preserve the source's ""construed as including"" and ""construed accordingly"" language.",NOT_ENTERED,NO
b268a450d367bf03,READY_FOR_HUMAN_REVIEW,SUGGESTED_ONLY_NOT_APPROVED,question;answer;reference,"According to the passage, what happens if he is so disqualified by or under any law made by Parliament. 2[Explanation.—For the purposes of this clause]?",What does the Explanation to Article 191(1) say about a person being a Minister?,"if he is so disqualified by or under any law made by Parliament.
      2[Explanation.—For the purposes of this clause], a person shall not be
deemed to hold an office of profit under the Government of India or the
Government of any State specified in the First Schedule by reason only that he
is a Minister either for the Union or for such State.",A person is not deemed to hold an office of profit under the Government of India or a State specified in the First Schedule only because that person is a Minister for the Union or that State.,Article 191,"Article 191(1), Explanation",,constitution_of_india.pdf,117,The Explanation to Article 191(1) says a person is not deemed to hold the described office of profit only because that person is a Minister for the Union or the relevant State. Citation check: CONSISTENT. The complete scope of the Explanation must remain attached to the clause (a) office-of-profit issue.,The complete scope of the Explanation must remain attached to the clause (a) office-of-profit issue.,NOT_ENTERED,NO
64257f501275a7c1,READY_FOR_HUMAN_REVIEW,SUGGESTED_ONLY_NOT_APPROVED,question;answer;reference,What procedure or remedy is described in the clause beginning “CHAPTER IV CONSUMER DISPUTES REDRESSAL COMMISSION Establishment 28.”?,What does Section 28(1) require the State Government to establish?,"CHAPTER IV

                                 CONSUMER DISPUTES REDRESSAL COMMISSION

Establishment        28.","The State Government shall, by notification, establish a District Consumer Disputes Redressal Commission in each district of the State; it may establish more than one in a district.",,Section 28(1),,consumer_protection_act_2019.pdf,16,"Section 28(1) requires the State Government, by notification, to establish a District Commission in each district and permits more than one in a district. Citation check: CONSISTENT. No material source ambiguity found for the asked establishment requirement.",No material source ambiguity found for the asked establishment requirement.,NOT_ENTERED,NO
fcfc86a574176015,READY_FOR_HUMAN_REVIEW,SUGGESTED_ONLY_NOT_APPROVED,question;answer;reference,"What right, duty, or requirement is described in the clause beginning “—(1) All doubts and disputes arising out of…”?",Who decides doubts and disputes arising out of or connected with the election of the President or Vice-President under Article 71(1)?,"—(1) All doubts and disputes arising out of or in
connection with the election of a President or Vice-President shall be inquired
into and decided by the Supreme Court whose decision shall be final.","The Supreme Court inquires into and decides those doubts and disputes, and its decision is final.",Article 70,Article 71(1),,constitution_of_india.pdf,63,Article 71(1) assigns election doubts and disputes to the Supreme Court and says its decision is final. Citation check: CONSISTENT. The answer should retain both the decision-maker and finality if edited.,The answer should retain both the decision-maker and finality if edited.,NOT_ENTERED,NO
e7b9568884b0bbc8,READY_FOR_HUMAN_REVIEW,SUGGESTED_ONLY_NOT_APPROVED,question;answer;reference,What procedure or remedy is described in the clause beginning “—(1) An appeal shall lie to the Supreme…”?,"Under Article 132(1), when does an appeal lie to the Supreme Court from a High Court judgment, decree or final order?","—(1) An appeal shall lie to the Supreme Court
from any judgment, decree or final order of a High Court in the territory of
India, whether in a civil, criminal or other proceeding, 3[if the High Court
certifies under article 134A] that the case involves a substantial question of law
as to the interpretation of this Constitution.",An appeal lies if the High Court certifies under Article 134A that the case involves a substantial question of law as to the interpretation of the Constitution.,Article 131,Article 132(1),,constitution_of_india.pdf,92,Article 132(1) supports an appeal where the High Court certifies under Article 134A that the case involves a substantial question of law as to constitutional interpretation. Citation check: CONSISTENT. The certificate requirement and precise constitutional-interpretation subject must not be dropped.,The certificate requirement and precise constitutional-interpretation subject must not be dropped.,NOT_ENTERED,NO
fb671b1434235def,READY_FOR_HUMAN_REVIEW,SUGGESTED_ONLY_NOT_APPROVED,question;answer;reference,"What right, duty, or requirement is described in the clause beginning “(2) The Governor shall cause every recommendation made…”?",What must the Governor lay before the State Legislature under Article 243Y(2)?,"(2) The Governor  shall cause every recommendation made by the
Commission under this article together with an explanatory memorandum as to
the action taken thereon to be laid before the Legislature of the State.","The Governor shall cause every recommendation made by the Commission under Article 243Y, together with an explanatory memorandum as to the action taken, to be laid before the State Legislature.",Article 243Y,Article 243Y(2),,constitution_of_india.pdf,163,"Article 243Y(2) requires the Governor to lay the Commission's recommendations under that article, with an explanatory memorandum on action taken, before the State Legislature. Citation check: CONSISTENT. The source describes the Finance Commission as constituted under Article 243I; keep the surrounding Article 243Y(1) context clear.",The source describes the Finance Commission as constituted under Article 243I; keep the surrounding Article 243Y(1) context clear.,NOT_ENTERED,NO
d7ba0f6ff8b6349a,READY_FOR_HUMAN_REVIEW,SUGGESTED_ONLY_NOT_APPROVED,question;answer;reference,"According to the passage, what happens if the National Commission is satisfied that the case involves a substantial question of law. (3) In an appeal involving a question of law?","Under Section 51(2), when does an appeal lie to the National Commission from an appellate State Commission order?","if the National Commission is satisfied that the case
              involves a substantial question of law.

                      (3) In an appeal involving a question of law, the memorandum of appeal shall precisely
                state the substantial question of law involved in the appeal.","Unless otherwise expressly provided by this Act or another law in force, an appeal lies to the National Commission from an order passed in appeal by a State Commission if the National Commission is satisfied that the case involves a substantial question of law.",,Section 51(2),,consumer_protection_act_2019.pdf,24,"Section 51(2) provides an appeal to the National Commission from an appellate State Commission order when the National Commission is satisfied that a substantial question of law is involved, subject to the statutory saving. Citation check: CONSISTENT. The saving clause ""Save as otherwise expressly provided"" is retained in the proposed answer; external procedural rules were not checked.","The saving clause ""Save as otherwise expressly provided"" is retained in the proposed answer; external procedural rules were not checked.",NOT_ENTERED,NO
e7dda45e24d43b89,READY_FOR_HUMAN_REVIEW,SUGGESTED_ONLY_NOT_APPROVED,question;answer;reference,What procedure or remedy is described in the clause beginning “(c) the procedure to be followed by the…”?,"Under paragraph 14(4)(c) of the Sixth Schedule, what procedure may rules regulate?","(c) the procedure to be followed by the Regional or District
      Council or any court constituted by such Council in appeals and other
      proceedings under sub-paragraph (2) of this paragraph;","Rules may regulate the procedure to be followed by the Regional or District Council, or a court constituted by such Council, in appeals and other proceedings under sub-paragraph (2) of paragraph 14.",,"Sixth Schedule, paragraph 14(4)(c)",,constitution_of_india.pdf,320,"Sixth Schedule paragraph 14(4)(c) supports rules regulating procedure for the Regional/District Council or a court constituted by it in appeals and other proceedings under paragraph 14(2). Citation check: CONSISTENT. Check the full paragraph 14 structure in the PDF; this is a text-based reference, not a legal interpretation.","Check the full paragraph 14 structure in the PDF; this is a text-based reference, not a legal interpretation.",NOT_ENTERED,NO
dfe75d1781e7d3d1,READY_FOR_HUMAN_REVIEW,SUGGESTED_ONLY_NOT_APPROVED,question;answer;reference,How does Article 279 define net proceeds?,"How does Article 279(1) define ""net proceeds""?","“net proceeds” means in relation to any tax or duty
the proceeds thereof reduced by the cost of collection, and for the purposes of
those provisions the net proceeds of any tax or duty, or of any part of any tax or
duty, in or attributable to any area shall be ascertained and certified by the
Comptroller and Auditor-General of India, whose certificate shall be final.
       (2) Subject as aforesaid, and to any other express provision of this
Chapter, a law made by Parliament or an order of the President may, in any
case where under this Part the proceeds of any duty or tax are, or may be,
assigned to any State, provide for the manner in which the proceeds are to be
calculated, for the time from or  at which and the manner in which any
payments are to be made, for the making of adjustments between one financial
year and another, and for any other incidental or ancillary matters.

______________________________________________
1. Subs. by the Constitution (Sixtieth Amendment) Act, 1988, s. 2, for ""two hundred and
   fifty rupees"" (w.e.f. 20-12-1988).
2. Proviso omitted by s.2, ibid. (w.e.f. 20-12-1988).","""Net proceeds"" means, in relation to a tax or duty, its proceeds reduced by the cost of collection. The net proceeds attributable to an area are ascertained and certified by the Comptroller and Auditor-General of India, whose certificate is final.",Article 279,Article 279(1),,constitution_of_india.pdf,190,Article 279(1) defines net proceeds by deducting collection costs and makes the Comptroller and Auditor-General's certificate final for the stated ascertainment. Citation check: CONSISTENT. Punctuation needs cleanup; no external or current-law check was performed.,Punctuation needs cleanup; no external or current-law check was performed.,NOT_ENTERED,NO
fbd632de04371122,READY_FOR_HUMAN_REVIEW,SUGGESTED_ONLY_NOT_APPROVED,question;answer;reference,How does the Act define consumer dispute?,"How does Section 2(8) define ""consumer dispute""?","(8) ""consumer dispute"" means a dispute where the person against whom a
     complaint has been made, denies or disputes the allegations contained in the complaint;","A ""consumer dispute"" means a dispute where the person against whom a complaint has been made denies or disputes the allegations in the complaint.",,Section 2(8),,consumer_protection_act_2019.pdf,3,Section 2(8) defines consumer dispute as a dispute where the person complained against denies or disputes the allegations; the answer conveys that definition. Citation check: CONSISTENT. Punctuation should be cleaned against the source before use; the underlying definition is supported.,Punctuation should be cleaned against the source before use; the underlying definition is supported.,NOT_ENTERED,NO
42ece46ffcd8dd91,READY_FOR_HUMAN_REVIEW,SUGGESTED_ONLY_NOT_APPROVED,question;answer,"According to the passage, what happens if this Constitution had not come into operation?","Under Article 296, where does covered property vest if it is situated in a State, and where otherwise?","if
this Constitution had not come into operation, would have accrued to His Majesty
or, as the case may be, to the Ruler of an Indian State by escheat or lapse, or as
bona vacantia for want of a rightful owner, shall, if it is property situate in a
State, vest in such State, and shall, in any other case, vest","If the property is situated in a State, it vests in that State; in any other case, it vests in the Union.",Article 296,Article 296,,constitution_of_india.pdf,199,"Article 296 states that the covered property vests in the State if situated in a State and otherwise in the Union. Citation check: CONSISTENT. ""Covered property"" relies on Article 296's opening predicate; keep that context available with the answer.","""Covered property"" relies on Article 296's opening predicate; keep that context available with the answer.",NOT_ENTERED,NO
da206ca0d0dcda4c,READY_FOR_HUMAN_REVIEW,SUGGESTED_ONLY_NOT_APPROVED,question;answer;reference,"What condition or exception is described in the clause beginning “Provided that the Central Authority may, for every…”?","Under the proviso to Section 21(3), what may the Central Authority do for each subsequent contravention by an endorser?","Provided that the Central Authority may, for every subsequent contravention, prohibit
             such endorser from making endorsement in respect of any product or service for a period
             which may extend to three years.",It may prohibit the endorser from making endorsements for any product or service for a period that may extend to three years.,,"Section 21(3), proviso",,consumer_protection_act_2019.pdf,15,"The proviso to Section 21(3) permits the Central Authority, for every subsequent contravention, to prohibit an endorser from endorsing any product/service for up to three years. Citation check: CONSISTENT. The source says ""may""; do not rewrite as an automatic prohibition.","The source says ""may""; do not rewrite as an automatic prohibition.",NOT_ENTERED,NO
40ae4bf48b2fdef8,READY_FOR_HUMAN_REVIEW,SUGGESTED_ONLY_NOT_APPROVED,question;answer;reference,"According to the passage, what happens if he ceases to be a member of the House of the People?","Under Article 94(a), what happens to a Speaker's or Deputy Speaker's office if the member ceases to be a member of the House of the People?","if he ceases to be a member of the House of
      the People;
          (b) may at any time, by writing under his hand addressed, if such
     member is the Speaker, to the Deputy Speaker, and if such member is
      the Deputy Speaker, to the Speaker, resign his office;",A member holding office as Speaker or Deputy Speaker shall vacate that office if the member ceases to be a member of the House of the People.,Article 93,Article 94(a),,constitution_of_india.pdf,73,Article 94(a) says a Speaker/Deputy Speaker holding office shall vacate it if no longer a member of the House of the People. Citation check: CONSISTENT. Punctuation is malformed in the suggestion; verify/clean without changing the legal proposition.,Punctuation is malformed in the suggestion; verify/clean without changing the legal proposition.,NOT_ENTERED,NO
c7c26340924bbb43,READY_FOR_HUMAN_REVIEW,SUGGESTED_ONLY_NOT_APPROVED,question;answer;reference,What procedure or remedy is described in the clause beginning “] (d) rules as to the entertainment of…”?,What may rules under Article 145(1)(d) provide for?,"]
             (d) rules as to the entertainment of appeals under sub-clause (c) of
      clause (1) of article 134;",Rules may provide for the entertainment of appeals under Article 134(1)(c).,,Article 145(1)(d),,constitution_of_india.pdf,97,Article 145(1)(d) allows rules on entertainment of appeals under Article 134(1)(c). Citation check: CONSISTENT. The source expresses the appeal reference as sub-clause (c) of clause (1) of Article 134.,The source expresses the appeal reference as sub-clause (c) of clause (1) of Article 134.,NOT_ENTERED,NO
004dd69be0a72aeb,NEEDS_FURTHER_REVIEW,SUGGESTED_ONLY_NOT_APPROVED,question;answer;reference,"What right, duty, or requirement is described in the clause beginning “and (b)(i) in the case where such person…”?","Under Article 6, what residence or registration condition applies based on whether a person migrated before or on/after 19 July 1948?","and
               (b)(i) in the case where such person has so migrated before the
      nineteenth day of July, 1948, he has been ordinarily resident in the
       territory of India since the date of his migration, or
                 (ii) in the case where such person has so migrated on or after the
      nineteenth day of July, 1948, he has been registered as a citizen of India
     by an  officer appointed  in  that behalf by the Government  of  the
     Dominion of India on an application made by him therefor to such
       officer before the commencement of this Constitution in the form and
     manner prescribed by that Government:
      Provided that no person shall be so registered unless he has been resident
in the territory of India for at least six months immediately preceding the date
of his application.",A person who migrated before 19 July 1948 had to have been ordinarily resident in India since migrating. A person who migrated on or after that date had to be registered before the Constitution commenced; registration required residence in India for at least six months immediately before applying.,Article 5,"Article 6(b)(i), (ii), and proviso",,constitution_of_india.pdf,35,"Article 6(b)(i), (ii), and the proviso on the cited PDF page support the two migration-date conditions and six-month residence condition. The suggested answer contains a malformed ""six months? residence"" phrase, and the reference range uses an unclear question-mark separator. Citation check: PARTIALLY_CONSISTENT_FORMATTING. The source is the supplied Constitution text; no current-law or historical applicability check was performed.",Partially supported: verify normalized reference and both migration conditions/proviso against the original.,NOT_ENTERED,NO
edb58504d9963e5a,NEEDS_FURTHER_REVIEW,SUGGESTED_ONLY_NOT_APPROVED,question;answer,How does Section 2(5) define complainant?,"How does Section 2(5) define ""complainant""?","(5) ""complainant"" means—

                                          (i) a consumer;","""Complainant"" means: (i) a consumer; (ii) a registered voluntary consumer association; (iii) the Central or a State Government; (iv) the Central Authority; (v) one or more consumers with the same interest where there are numerous consumers; (vi) on a consumer's death, the legal heir or legal representative; or (vii) if a consumer is a minor, the parent or legal guardian.",Section 2(5),Section 2(5),,consumer_protection_act_2019.pdf,2,"Section 2(5) supports the listed classes of complainant, but the suggestion shortens item (ii) and item (v): the source includes registration under law and representation on behalf of/for the benefit of all interested consumers. Citation check: CONSISTENT. Restore the omitted qualifiers from the PDF and inspect the original page layout before any review decision.",Incomplete definition: omitted qualifiers must be checked against the complete definition.,NOT_ENTERED,NO
81ddc6564ee9b1bd,NEEDS_FURTHER_REVIEW,SUGGESTED_ONLY_NOT_APPROVED,question;answer;reference,What comparison does the passage explicitly make?,"Under Article 336(2), what qualification permits appointment to posts beyond those reserved for the Anglo-Indian community?","(2) Nothing in clause (1) shall bar the appointment of members of the
Anglo-Indian community to posts other than, or in addition to, those reserved
for the community under that clause if such members are found qualified for
appointment on merit as compared with the members of other communities.",The clause says such appointment is not barred if the member is found qualified on merit as compared with members of other communities.,,Article 336(2),,constitution_of_india.pdf,225,Article 336(2) expressly says appointment to other or additional posts is not barred if the member is qualified on merit compared with members of other communities. Citation check: CONSISTENT. Textual support only; the provision?s present-day applicability and duplicate suitability were not established.,Possible repeated-answer/duplicate group needs distinctness assessment.,NOT_ENTERED,NO
0dd8417bbfe6d7bc,NEEDS_FURTHER_REVIEW,SUGGESTED_ONLY_NOT_APPROVED,question;answer;reference,What condition or exception is described in the clause beginning “Provided that such readjustment shall not affect representation…”?,"Under the first proviso to Article 82, until when does the readjustment leave representation in the House of the People unaffected?","Provided that such readjustment shall not affect representation in the
House of the People until the dissolution of the then existing House:
      5[Provided further that such readjustment shall take effect from such date
as the President may, by order, specify and until such readjustment takes effect,
any  election  to  the House may be held on  the  basis  of  the  territorial
constituencies existing before such readjustment:
      Provided also that until the relevant figures for the first census taken
after the year 6[2026] have been published,  it  shall not be necessary to
7[readjust,—

______________________________________________
1.",The readjustment shall not affect representation in the House of the People until the dissolution of the then existing House.,Article 82,"Article 82, first proviso",,constitution_of_india.pdf,69,The first proviso to Article 82 states that readjustment shall not affect House of the People representation until dissolution of the then existing House. Citation check: CONSISTENT. The source text alone does not establish current legal status.,Following proviso was truncated in original evidence; inspect complete paragraph and context.,NOT_ENTERED,NO
f8d48d6abe1c9354,NEEDS_FURTHER_REVIEW,SUGGESTED_ONLY_NOT_APPROVED,question;answer;reference,What does Article 204 state about Appropriation Bills?,What does Article 204(1) require an Appropriation Bill to provide for?,"(1) As soon as may be after the grants under
article 203 have been made by the Assembly, there shall be introduced a Bill to
provide for the appropriation out of the Consolidated Fund of the State of all
moneys required to meet—
          (a) the grants so made by the Assembly; and
          (b) the expenditure charged on the Consolidated Fund of the State but
      not exceeding in any case the amount shown in the statement previously
       laid before the House or Houses.","After grants under Article 203 are made by the Assembly, a Bill shall be introduced to appropriate from the State Consolidated Fund the money required to meet those grants and charged expenditure, not exceeding the amount shown in the statement previously laid before the House or Houses.",Article 204,Article 204(1),,constitution_of_india.pdf,124,"Article 204(1) supports the appropriation bill and the listed grants/charged expenditure. The suggested answer's ""not exceeding"" phrasing can read as applying to the entire appropriation, while the source attaches that limit specifically to clause (b), the charged expenditure. Citation check: CONSISTENT. Human review should preserve the (a)/(b) separation and the limited scope of the cap.",Possible overbroad appropriation cap; preserve separate scope of clauses (a) and (b).,NOT_ENTERED,NO
f60b551073179690,NEEDS_FURTHER_REVIEW,SUGGESTED_ONLY_NOT_APPROVED,question;answer;reference,What condition or exception is described in the clause beginning “if he has voluntarily given up his membership…”?,"Under paragraph 2(1)(a) of the Tenth Schedule, what conduct is listed as a ground for disqualification?","if he has voluntarily given up his membership of such political
       party;",A member of a House belonging to a political party shall be disqualified for being a member of the House if the member has voluntarily given up membership of that political party.,Article 2,"Tenth Schedule, paragraph 2(1)(a)",,constitution_of_india.pdf,376,"Tenth Schedule paragraph 2(1)(a) lists voluntarily giving up membership of the political party as a disqualification ground. Citation check: CONSISTENT. The Schedule's surrounding qualifications, including its opening words, should be checked in any final answer.",Answer omits opening subject-to qualification; inspect surrounding Schedule qualifications.,NOT_ENTERED,NO
d9dfd76da2fe00b5,NEEDS_FURTHER_REVIEW,SUGGESTED_ONLY_NOT_APPROVED,question;answer;reference,"According to the passage, what happens if there is a majority?","Under Section 47(3), how are differences of opinion among State Commission Bench members resolved?","if there is a majority, but if the members are
equally divided, they shall state the point or points on which they differ, and make a reference
to the President who shall either hear the point or points himself or refer the case for hearing
on such point or points by one or more of t","The points are decided by the majority if there is one. If members are equally divided, they state the points of difference and refer them to the President, who hears them or refers them to one or more other members; the point is then decided by the majority of members who heard the case, including those who first heard it.",,Section 47(3),,consumer_protection_act_2019.pdf,23,"Section 47(3) supports majority decision and, on equal division, statement of points and reference to the President, who hears the point(s) or refers the case to other members; the answer's final majority clause is supported on the adjacent PDF page. Citation check: CONSISTENT. The proposed answer omits the source's one-month period for the President/other members to give an opinion; retain that time limit if a complete procedure answer is intended.",Proposed answer omits one-month period in adjacent page; check whether a complete answer must include it.,NOT_ENTERED,NO
fbac661dc9c90700,NEEDS_FURTHER_REVIEW,SUGGESTED_ONLY_NOT_APPROVED,question;answer;reference,What condition or exception is described in the clause beginning “if he has any reason to believe that…”?,"Under Section 22(1), what may the specified officers do after the stated reason-to-believe threshold is met?","if he has any reason to believe
                that any person has violated any consumer rights or committed unfair trade practice or
              causes any false or misleading advertisement to be made, shall,—

                            (a) enter at any reasonable time into any such premises and search for any
                 document or record or article or any other form of evidence and seize such document,
                     record, article or such evidence;","For an investigation after the preliminary inquiry under Section 19(1), the Director-General, an officer authorised by the Director-General, or the District Collector may: (a) enter premises at a reasonable time, search for and seize specified evidence; (b) make a note or inventory of a record or article; or (c) require production of a record, register, document or article.",,Section 22(1)(a)-(c),,consumer_protection_act_2019.pdf,15,"Section 22(1)(a)-(c) supports the listed entry/search/seizure, inventory, and production powers and the actors. The suggested reference uses a question mark instead of a clear clause-range separator; the question states the reason-to-believe threshold but the answer does not repeat its full condition. Citation check: PARTIALLY_CONSISTENT_FORMATTING. Preserve the exact reason-to-believe trigger and avoid replacing ""any document/record/article/evidence"" with an ambiguous ""specified evidence.""","Range normalized, but trigger condition and compressed powers need checking against full Section 22(1).",NOT_ENTERED,NO
f6adb89377a3f28e,NEEDS_FURTHER_REVIEW,SUGGESTED_ONLY_NOT_APPROVED,question;answer;reference,"What right, duty, or requirement is described in the clause beginning “(2) A resolution passed under clause (1) shall…”?","How long does a resolution under Article 249(1) remain in force, and how may it be continued?","(2) A resolution passed under clause (1) shall remain in force for such
period not exceeding one year as may be specified therein:
      Provided that, if and so often as a resolution approving the continuance
in force of any such resolution is passed in the manner provided in clause (1),
such resolution shall continue in force for a further period of one year from the
date on which under this clause it would otherwise have ceased to be in force.","It remains in force for the specified period, not exceeding one year. A continuation resolution passed in the manner provided in clause (1) continues it for a further year from the date it otherwise would have ceased.",Article 248,Article 249(2),,constitution_of_india.pdf,177,"Article 249(2) supports a specified period not exceeding one year and a continuation for a further period not exceeding one year. The suggestion says ""for a further year,"" which overstates the maximum as a fixed duration. Citation check: CONSISTENT. The continuation is not necessarily a full year; keep ""not exceeding one year"" for both periods.",Proposed answer says a further year instead of a further period not exceeding one year.,NOT_ENTERED,NO
eab655c4291e3806,NEEDS_FURTHER_REVIEW,SUGGESTED_ONLY_NOT_APPROVED,question;answer;reference,What does Article 39 state about Certain principles of policy to be followed by the State?,What do clauses (a) through (e) of Article 39 say the State shall direct its policy towards securing?,"The
State shall, in particular, direct its policy towards securing—
             (a) that the citizens, men and women equally, have the right to an
      adequate means of livelihood;
             (b) that the ownership and control of the material resources of the
     community are so distributed as best to subserve the common good;
              (c) that the operation of the economic system does not result in the
      concentration  of wealth and means of production  to the common
      detriment;
              (d) that there is equal pay for equal work for both men and women;
              (e) that the health and strength of workers, men and women, and
      the tender age of children are not abused and that citizens are not forced
     by economic necessity to enter avocations unsuited to their age or
       strength;

______________________________________________
1.","The listed aims are adequate means of livelihood for citizens, men and women equally; distribution of community material resources to serve the common good; prevention of concentration of wealth and means of production to common detriment; equal pay for equal work for men and women; and protection of workers' health and strength and children's tender age, including against economically compelled work unsuited to age or strength.",Article 39,Article 39(a)-(e),,constitution_of_india.pdf,52,"The source's Article 39 clauses (a)-(e) support the listed policy themes, but the suggested legal reference uses a question mark as its range separator and the summary is compressed. Citation check: PARTIALLY_CONSISTENT_FORMATTING. Retain the exact distinctions and qualifying wording of clauses (a)-(e); the PDF passage, not this summary, controls.","Range normalized, but compressed multi-clause answer needs checking against each clause.",NOT_ENTERED,NO
