ID,Question,Expected,Predicted,Correct,review_status,candidate_origin
DG500-001,What should I know about constitutional remedies and writs in the Constitution of India?,constitution,constitution,True,pending_manual_review,assistant_generated_synthetic
DG500-002,Can a consumer seek help regarding consumer dispute mediation under the 2019 Act?,consumer_protection,consumer_protection,True,pending_manual_review,assistant_generated_synthetic
DG500-003,Can a consumer seek help regarding the Central Consumer Protection Authority under the 2019 Act?,consumer_protection,consumer_protection,True,pending_manual_review,assistant_generated_synthetic
DG500-004,"What does the Consumer Protection Act, 2019 say about e-commerce transactions?",consumer_protection,consumer_protection,True,pending_manual_review,assistant_generated_synthetic
DG500-005,What is the difference between a process and a thread?,out_of_domain,out_of_domain,True,pending_manual_review,assistant_generated_synthetic
DG500-006,What should I know about constitutional amendments in the Constitution of India?,constitution,constitution,True,pending_manual_review,assistant_generated_synthetic
DG500-007,How does Indian consumer protection law handle documents needed for a consumer complaint?,consumer_protection,consumer_protection,True,pending_manual_review,assistant_generated_synthetic
DG500-008,Which authority or commission deals with product liability under the Consumer Protection Act?,consumer_protection,consumer_protection,True,pending_manual_review,assistant_generated_synthetic
DG500-009,Which constitutional provisions deal with Finance Commission?,constitution,constitution,True,pending_manual_review,assistant_generated_synthetic
DG500-010,Can a consumer seek help regarding the limitation period for consumer complaints under the 2019 Act?,consumer_protection,consumer_protection,True,pending_manual_review,assistant_generated_synthetic
DG500-011,"What does the Consumer Protection Act, 2019 say about consumer protection councils?",consumer_protection,consumer_protection,True,pending_manual_review,assistant_generated_synthetic
DG500-012,Can a consumer seek help regarding the National Consumer Disputes Redressal Commission under the 2019 Act?,consumer_protection,consumer_protection,True,pending_manual_review,assistant_generated_synthetic
DG500-013,"What are the key rules for the State Consumer Disputes Redressal Commission under the Consumer Protection Act, 2019?",consumer_protection,consumer_protection,True,pending_manual_review,assistant_generated_synthetic
DG500-014,Can you explain constitutional provisions on elections under Indian constitutional law?,constitution,constitution,True,pending_manual_review,assistant_generated_synthetic
DG500-015,"What are the key rules for consumer complaints about banking under the Consumer Protection Act, 2019?",consumer_protection,consumer_protection,True,pending_manual_review,assistant_generated_synthetic
DG500-016,What should I know about Comptroller and Auditor General in the Constitution of India?,constitution,constitution,True,pending_manual_review,assistant_generated_synthetic
DG500-017,"What does the Consumer Protection Act, 2019 say about product liability?",consumer_protection,consumer_protection,True,pending_manual_review,assistant_generated_synthetic
DG500-018,"What are the key rules for consumer dispute resolution under the Consumer Protection Act, 2019?",consumer_protection,consumer_protection,True,pending_manual_review,assistant_generated_synthetic
DG500-019,How does Indian consumer protection law handle consumer complaints about medical services?,consumer_protection,consumer_protection,True,pending_manual_review,assistant_generated_synthetic
DG500-020,What is the difference between RAM and storage?,out_of_domain,out_of_domain,True,pending_manual_review,assistant_generated_synthetic
DG500-021,How does Indian consumer protection law handle filing a consumer complaint?,consumer_protection,consumer_protection,True,pending_manual_review,assistant_generated_synthetic
DG500-022,How is Cultural and Educational Rights addressed in the Indian Constitution?,constitution,constitution,True,pending_manual_review,assistant_generated_synthetic
DG500-023,"What does the Consumer Protection Act, 2019 say about consumer complaints about banking?",consumer_protection,consumer_protection,True,pending_manual_review,assistant_generated_synthetic
DG500-024,What should I know about Supreme Court of India in the Constitution of India?,constitution,constitution,True,pending_manual_review,assistant_generated_synthetic
DG500-025,How can I improve my spoken English?,out_of_domain,out_of_domain,True,pending_manual_review,assistant_generated_synthetic
DG500-026,What does the Constitution of India provide about High Courts?,constitution,constitution,True,pending_manual_review,assistant_generated_synthetic
DG500-027,What should I know about the Seventh Schedule in the Constitution of India?,constitution,constitution,True,pending_manual_review,assistant_generated_synthetic
DG500-028,Can you explain official language provisions under Indian constitutional law?,constitution,constitution,True,pending_manual_review,assistant_generated_synthetic
DG500-029,How can I reduce household water consumption?,out_of_domain,out_of_domain,True,pending_manual_review,assistant_generated_synthetic
DG500-030,Can you explain Schedules of the Constitution under Indian constitutional law?,constitution,constitution,True,pending_manual_review,assistant_generated_synthetic
DG500-031,How do volcanoes form?,out_of_domain,out_of_domain,True,pending_manual_review,assistant_generated_synthetic
DG500-032,"What does the Consumer Protection Act, 2019 say about consumer rights in online shopping?",consumer_protection,consumer_protection,True,pending_manual_review,assistant_generated_synthetic
DG500-033,"What are the key rules for complaints about defective goods under the Consumer Protection Act, 2019?",consumer_protection,consumer_protection,True,pending_manual_review,assistant_generated_synthetic
DG500-034,Can a consumer seek help regarding service provider liability under the 2019 Act?,consumer_protection,consumer_protection,True,pending_manual_review,assistant_generated_synthetic
DG500-035,Explain the difference between stocks and bonds.,out_of_domain,out_of_domain,True,pending_manual_review,assistant_generated_synthetic
DG500-036,"What are the key rules for recall of unsafe goods under the Consumer Protection Act, 2019?",consumer_protection,consumer_protection,True,pending_manual_review,assistant_generated_synthetic
DG500-037,Can a consumer seek help regarding consumer compensation under the 2019 Act?,consumer_protection,consumer_protection,True,pending_manual_review,assistant_generated_synthetic
DG500-038,"What are the key rules for unfair trade practices under the Consumer Protection Act, 2019?",consumer_protection,consumer_protection,True,pending_manual_review,assistant_generated_synthetic
DG500-039,What is the difference between cotton and linen fabric?,out_of_domain,out_of_domain,True,pending_manual_review,assistant_generated_synthetic
DG500-040,What does the Constitution of India provide about Comptroller and Auditor General?,constitution,constitution,True,pending_manual_review,assistant_generated_synthetic
DG500-041,What does the Constitution of India provide about powers of the President of India?,constitution,constitution,True,pending_manual_review,assistant_generated_synthetic
DG500-042,"What are the key rules for territorial jurisdiction under the Consumer Protection Act, 2019?",consumer_protection,consumer_protection,True,pending_manual_review,assistant_generated_synthetic
DG500-043,How do I make a pivot table in Excel?,out_of_domain,out_of_domain,True,pending_manual_review,assistant_generated_synthetic
DG500-044,"What are the key rules for who qualifies as a consumer under the Consumer Protection Act, 2019?",consumer_protection,consumer_protection,True,pending_manual_review,assistant_generated_synthetic
DG500-045,What is the best way to organize a small bedroom?,out_of_domain,out_of_domain,True,pending_manual_review,assistant_generated_synthetic
DG500-046,How is state legislatures addressed in the Indian Constitution?,constitution,constitution,True,pending_manual_review,assistant_generated_synthetic
DG500-047,How is anti-defection provisions addressed in the Indian Constitution?,constitution,constitution,True,pending_manual_review,assistant_generated_synthetic
DG500-048,Which constitutional provisions deal with Fundamental Rights?,constitution,constitution,True,pending_manual_review,assistant_generated_synthetic
DG500-049,How is the offside rule applied in football?,out_of_domain,out_of_domain,True,pending_manual_review,assistant_generated_synthetic
DG500-050,How is Lok Sabha addressed in the Indian Constitution?,constitution,constitution,True,pending_manual_review,assistant_generated_synthetic
DG500-051,Explain the basics of cloud computing.,out_of_domain,out_of_domain,True,pending_manual_review,assistant_generated_synthetic
DG500-052,"What are the key rules for the District Consumer Disputes Redressal Commission under the Consumer Protection Act, 2019?",consumer_protection,consumer_protection,True,pending_manual_review,assistant_generated_synthetic
DG500-053,How can I cite a journal article in APA style?,out_of_domain,out_of_domain,True,pending_manual_review,assistant_generated_synthetic
DG500-054,Why does my Wi-Fi connection drop frequently?,out_of_domain,out_of_domain,True,pending_manual_review,assistant_generated_synthetic
DG500-055,Can you explain role of the Vice-President under Indian constitutional law?,constitution,constitution,True,pending_manual_review,assistant_generated_synthetic
DG500-056,What does the Constitution of India provide about Right against Exploitation?,constitution,constitution,True,pending_manual_review,assistant_generated_synthetic
DG500-057,What does the Constitution of India provide about constitutional offices?,constitution,constitution,True,pending_manual_review,assistant_generated_synthetic
DG500-058,Can you explain Lok Sabha under Indian constitutional law?,constitution,constitution,True,pending_manual_review,assistant_generated_synthetic
DG500-059,Can you explain freedom of religion under Indian constitutional law?,constitution,constitution,True,pending_manual_review,assistant_generated_synthetic
DG500-060,How does Indian consumer protection law handle consumer protection councils?,consumer_protection,consumer_protection,True,pending_manual_review,assistant_generated_synthetic
DG500-061,"What are the key rules for seller obligations under consumer law under the Consumer Protection Act, 2019?",consumer_protection,consumer_protection,True,pending_manual_review,assistant_generated_synthetic
DG500-062,How does Indian consumer protection law handle service provider liability?,consumer_protection,consumer_protection,True,pending_manual_review,assistant_generated_synthetic
DG500-063,How does Indian consumer protection law handle product safety?,consumer_protection,consumer_protection,True,pending_manual_review,assistant_generated_synthetic
DG500-064,How is powers of the President of India addressed in the Indian Constitution?,constitution,constitution,True,pending_manual_review,assistant_generated_synthetic
DG500-065,"What are the key rules for consumer rights under the Consumer Protection Act, 2019 under the Consumer Protection Act, 2019?",consumer_protection,consumer_protection,True,pending_manual_review,assistant_generated_synthetic
DG500-066,Can a consumer seek help regarding appeals against consumer commission orders under the 2019 Act?,consumer_protection,consumer_protection,True,pending_manual_review,assistant_generated_synthetic
DG500-067,What is normalization in a relational database?,out_of_domain,out_of_domain,True,pending_manual_review,assistant_generated_synthetic
DG500-068,Can you explain Right to Freedom under Indian constitutional law?,constitution,constitution,True,pending_manual_review,assistant_generated_synthetic
DG500-069,How do I resolve a merge conflict in Git?,out_of_domain,out_of_domain,True,pending_manual_review,assistant_generated_synthetic
DG500-070,What does the Constitution of India provide about Preamble to the Constitution of India?,constitution,constitution,True,pending_manual_review,assistant_generated_synthetic
DG500-071,Which constitutional provisions deal with Union-State relations?,constitution,constitution,True,pending_manual_review,assistant_generated_synthetic
DG500-072,What causes a bicycle chain to slip?,out_of_domain,out_of_domain,True,pending_manual_review,assistant_generated_synthetic
DG500-073,How does Indian consumer protection law handle jurisdiction of consumer commissions?,consumer_protection,consumer_protection,True,pending_manual_review,assistant_generated_synthetic
DG500-074,"What does the Consumer Protection Act, 2019 say about the State Consumer Disputes Redressal Commission?",consumer_protection,consumer_protection,True,pending_manual_review,assistant_generated_synthetic
DG500-075,How do I prepare for a software engineering interview?,out_of_domain,out_of_domain,True,pending_manual_review,assistant_generated_synthetic
DG500-076,Which constitutional provisions deal with Chief Minister and State Council of Ministers?,constitution,constitution,True,pending_manual_review,assistant_generated_synthetic
DG500-077,What does the Constitution of India provide about Public Service Commissions?,constitution,constitution,True,pending_manual_review,assistant_generated_synthetic
DG500-078,Which authority or commission deals with product safety under the Consumer Protection Act?,consumer_protection,consumer_protection,True,pending_manual_review,assistant_generated_synthetic
DG500-079,What are some low-cost hobbies for college students?,out_of_domain,out_of_domain,True,pending_manual_review,assistant_generated_synthetic
DG500-080,Can a consumer seek help regarding unfair contracts under the 2019 Act?,consumer_protection,consumer_protection,True,pending_manual_review,assistant_generated_synthetic
DG500-081,What does the Constitution of India provide about the Seventh Schedule?,constitution,constitution,True,pending_manual_review,assistant_generated_synthetic
DG500-082,Which authority or commission deals with consumer protection councils under the Consumer Protection Act?,consumer_protection,consumer_protection,True,pending_manual_review,assistant_generated_synthetic
DG500-083,Which authority or commission deals with service provider liability under the Consumer Protection Act?,consumer_protection,consumer_protection,True,pending_manual_review,assistant_generated_synthetic
DG500-084,Which constitutional provisions deal with powers of the President of India?,constitution,constitution,True,pending_manual_review,assistant_generated_synthetic
DG500-085,Can a consumer seek help regarding jurisdiction of consumer commissions under the 2019 Act?,consumer_protection,consumer_protection,True,pending_manual_review,assistant_generated_synthetic
DG500-086,Can you explain constitutional offices under Indian constitutional law?,constitution,constitution,True,pending_manual_review,assistant_generated_synthetic
DG500-087,Which authority or commission deals with consumer awareness under the Consumer Protection Act?,consumer_protection,consumer_protection,True,pending_manual_review,assistant_generated_synthetic
DG500-088,Can you explain anti-defection provisions under Indian constitutional law?,constitution,constitution,True,pending_manual_review,assistant_generated_synthetic
DG500-089,How is judicial review addressed in the Indian Constitution?,constitution,constitution,True,pending_manual_review,assistant_generated_synthetic
DG500-090,How do I calculate the area of a circle?,out_of_domain,out_of_domain,True,pending_manual_review,assistant_generated_synthetic
DG500-091,"What are the key rules for endorser responsibility for misleading ads under the Consumer Protection Act, 2019?",consumer_protection,consumer_protection,True,pending_manual_review,assistant_generated_synthetic
DG500-092,"What does the Consumer Protection Act, 2019 say about consumer compensation?",consumer_protection,consumer_protection,True,pending_manual_review,assistant_generated_synthetic
DG500-093,Can a consumer seek help regarding consumer awareness under the 2019 Act?,consumer_protection,consumer_protection,True,pending_manual_review,assistant_generated_synthetic
DG500-094,What is the difference between weather and climate?,out_of_domain,out_of_domain,True,pending_manual_review,assistant_generated_synthetic
DG500-095,What should I know about Fundamental Duties in the Constitution of India?,constitution,constitution,True,pending_manual_review,assistant_generated_synthetic
DG500-096,Which constitutional provisions deal with the Seventh Schedule?,constitution,constitution,True,pending_manual_review,assistant_generated_synthetic
DG500-097,What is the formula for compound interest?,out_of_domain,out_of_domain,True,pending_manual_review,assistant_generated_synthetic
DG500-098,"What are the key rules for misleading advertisements under the Consumer Protection Act, 2019?",consumer_protection,consumer_protection,True,pending_manual_review,assistant_generated_synthetic
DG500-099,Can a consumer seek help regarding seller obligations under consumer law under the 2019 Act?,consumer_protection,consumer_protection,True,pending_manual_review,assistant_generated_synthetic
DG500-100,Which constitutional provisions deal with judicial review?,constitution,constitution,True,pending_manual_review,assistant_generated_synthetic
DG500-101,Which authority or commission deals with pecuniary jurisdiction of consumer commissions under the Consumer Protection Act?,consumer_protection,consumer_protection,True,pending_manual_review,assistant_generated_synthetic
DG500-102,What should I know about Election Commission of India in the Constitution of India?,constitution,constitution,True,pending_manual_review,assistant_generated_synthetic
DG500-103,What should I know about Directive Principles of State Policy in the Constitution of India?,constitution,constitution,True,pending_manual_review,assistant_generated_synthetic
DG500-104,What does the Constitution of India provide about Supreme Court of India?,constitution,constitution,True,pending_manual_review,assistant_generated_synthetic
DG500-105,How is Right against Exploitation addressed in the Indian Constitution?,constitution,constitution,True,pending_manual_review,assistant_generated_synthetic
DG500-106,What are common causes of seasonal allergies?,out_of_domain,out_of_domain,True,pending_manual_review,assistant_generated_synthetic
DG500-107,Why are my houseplant leaves turning yellow?,out_of_domain,out_of_domain,True,pending_manual_review,assistant_generated_synthetic
DG500-108,"What are the key rules for jurisdiction of consumer commissions under the Consumer Protection Act, 2019?",consumer_protection,consumer_protection,True,pending_manual_review,assistant_generated_synthetic
DG500-109,"What are the key rules for consumer complaints about medical services under the Consumer Protection Act, 2019?",consumer_protection,consumer_protection,True,pending_manual_review,assistant_generated_synthetic
DG500-110,What should I know about anti-defection provisions in the Constitution of India?,constitution,constitution,True,pending_manual_review,assistant_generated_synthetic
DG500-111,Which constitutional provisions deal with Election Commission of India?,constitution,constitution,True,pending_manual_review,assistant_generated_synthetic
DG500-112,"What are the key rules for penalties for misleading advertisements under the Consumer Protection Act, 2019?",consumer_protection,consumer_protection,True,pending_manual_review,assistant_generated_synthetic
DG500-113,Can you explain reservation provisions under Indian constitutional law?,constitution,constitution,True,pending_manual_review,assistant_generated_synthetic
DG500-114,"What does the Consumer Protection Act, 2019 say about refund, replacement and repair remedies?",consumer_protection,consumer_protection,True,pending_manual_review,assistant_generated_synthetic
DG500-115,How does Indian consumer protection law handle the National Consumer Disputes Redressal Commission?,consumer_protection,consumer_protection,True,pending_manual_review,assistant_generated_synthetic
DG500-116,How does Indian consumer protection law handle remedies against trader exploitation?,consumer_protection,consumer_protection,True,pending_manual_review,assistant_generated_synthetic
DG500-117,Which authority or commission deals with the limitation period for consumer complaints under the Consumer Protection Act?,consumer_protection,consumer_protection,True,pending_manual_review,assistant_generated_synthetic
DG500-118,What does the Constitution of India provide about state legislatures?,constitution,constitution,True,pending_manual_review,assistant_generated_synthetic
DG500-119,How do I make a simple tomato soup?,out_of_domain,out_of_domain,True,pending_manual_review,assistant_generated_synthetic
DG500-120,Which authority or commission deals with withdrawal or settlement of a complaint under the Consumer Protection Act?,consumer_protection,consumer_protection,True,pending_manual_review,assistant_generated_synthetic
DG500-121,How do I interpret a correlation coefficient?,out_of_domain,out_of_domain,True,pending_manual_review,assistant_generated_synthetic
DG500-122,Which authority or commission deals with the Central Consumer Protection Authority under the Consumer Protection Act?,consumer_protection,consumer_protection,True,pending_manual_review,assistant_generated_synthetic
DG500-123,How does Indian consumer protection law handle e-commerce transactions?,consumer_protection,consumer_protection,True,pending_manual_review,assistant_generated_synthetic
DG500-124,Which constitutional provisions deal with Public Service Commissions?,constitution,constitution,True,pending_manual_review,assistant_generated_synthetic
DG500-125,"What does the Consumer Protection Act, 2019 say about complaints about defective goods?",consumer_protection,consumer_protection,True,pending_manual_review,assistant_generated_synthetic
DG500-126,Can a consumer seek help regarding penalties for misleading advertisements under the 2019 Act?,consumer_protection,consumer_protection,True,pending_manual_review,assistant_generated_synthetic
DG500-127,Explain how earthquakes are measured.,out_of_domain,out_of_domain,True,pending_manual_review,assistant_generated_synthetic
DG500-128,How is Chief Minister and State Council of Ministers addressed in the Indian Constitution?,constitution,constitution,True,pending_manual_review,assistant_generated_synthetic
DG500-129,Which authority or commission deals with manufacturer liability for harmful products under the Consumer Protection Act?,consumer_protection,consumer_protection,True,pending_manual_review,assistant_generated_synthetic
DG500-130,How can I make a simple project timeline?,out_of_domain,out_of_domain,True,pending_manual_review,assistant_generated_synthetic
DG500-131,Which authority or commission deals with complaints about defective goods under the Consumer Protection Act?,consumer_protection,consumer_protection,True,pending_manual_review,assistant_generated_synthetic
DG500-132,"What does the Consumer Protection Act, 2019 say about appeals against consumer commission orders?",consumer_protection,consumer_protection,True,pending_manual_review,assistant_generated_synthetic
DG500-133,What should I know about Lok Sabha in the Constitution of India?,constitution,constitution,True,pending_manual_review,assistant_generated_synthetic
DG500-134,Can you explain Finance Commission under Indian constitutional law?,constitution,constitution,True,pending_manual_review,assistant_generated_synthetic
DG500-135,What is the purpose of a load balancer?,out_of_domain,out_of_domain,True,pending_manual_review,assistant_generated_synthetic
DG500-136,How can I free up disk space on a Windows laptop?,out_of_domain,out_of_domain,True,pending_manual_review,assistant_generated_synthetic
DG500-137,How can I create a weekly study timetable?,out_of_domain,out_of_domain,True,pending_manual_review,assistant_generated_synthetic
DG500-138,What are the rules of badminton doubles?,out_of_domain,out_of_domain,True,pending_manual_review,assistant_generated_synthetic
DG500-139,What should I know about Chief Minister and State Council of Ministers in the Constitution of India?,constitution,constitution,True,pending_manual_review,assistant_generated_synthetic
DG500-140,How does Indian consumer protection law handle territorial jurisdiction?,consumer_protection,consumer_protection,True,pending_manual_review,assistant_generated_synthetic
DG500-141,How is Union-State relations addressed in the Indian Constitution?,constitution,constitution,True,pending_manual_review,assistant_generated_synthetic
DG500-142,How is reservation provisions addressed in the Indian Constitution?,constitution,constitution,True,pending_manual_review,assistant_generated_synthetic
DG500-143,"What does the Consumer Protection Act, 2019 say about the Central Consumer Protection Authority?",consumer_protection,consumer_protection,True,pending_manual_review,assistant_generated_synthetic
DG500-144,What are effective ways to prepare for a mathematics exam?,out_of_domain,out_of_domain,True,pending_manual_review,assistant_generated_synthetic
DG500-145,How is Prime Minister and Council of Ministers addressed in the Indian Constitution?,constitution,constitution,True,pending_manual_review,assistant_generated_synthetic
DG500-146,What does the Constitution of India provide about Finance Commission?,constitution,constitution,True,pending_manual_review,assistant_generated_synthetic
DG500-147,How does Indian consumer protection law handle the limitation period for consumer complaints?,consumer_protection,consumer_protection,True,pending_manual_review,assistant_generated_synthetic
DG500-148,What does the Constitution of India provide about role of the Vice-President?,constitution,constitution,True,pending_manual_review,assistant_generated_synthetic
DG500-149,How is constitutional remedies and writs addressed in the Indian Constitution?,constitution,constitution,True,pending_manual_review,assistant_generated_synthetic
DG500-150,Which authority or commission deals with the State Consumer Disputes Redressal Commission under the Consumer Protection Act?,consumer_protection,consumer_protection,True,pending_manual_review,assistant_generated_synthetic
DG500-151,How does Indian consumer protection law handle withdrawal or settlement of a complaint?,consumer_protection,consumer_protection,True,pending_manual_review,assistant_generated_synthetic
DG500-152,"What does the Consumer Protection Act, 2019 say about who qualifies as a consumer?",consumer_protection,consumer_protection,True,pending_manual_review,assistant_generated_synthetic
DG500-153,How does Indian consumer protection law handle consumer complaints about insurance?,consumer_protection,consumer_protection,True,pending_manual_review,assistant_generated_synthetic
DG500-154,Which constitutional provisions deal with role of a State Governor?,constitution,constitution,True,pending_manual_review,assistant_generated_synthetic
DG500-155,"What are the key rules for service provider liability under the Consumer Protection Act, 2019?",consumer_protection,consumer_protection,True,pending_manual_review,assistant_generated_synthetic
DG500-156,How does Indian consumer protection law handle complaints about defective goods?,consumer_protection,consumer_protection,True,pending_manual_review,assistant_generated_synthetic
DG500-157,What should I know about powers of the President of India in the Constitution of India?,constitution,constitution,True,pending_manual_review,assistant_generated_synthetic
DG500-158,"What does the Consumer Protection Act, 2019 say about jurisdiction of consumer commissions?",consumer_protection,consumer_protection,True,pending_manual_review,assistant_generated_synthetic
DG500-159,Can a consumer seek help regarding who qualifies as a consumer under the 2019 Act?,consumer_protection,consumer_protection,True,pending_manual_review,assistant_generated_synthetic
DG500-160,"What does the Consumer Protection Act, 2019 say about deficiency in service?",consumer_protection,consumer_protection,True,pending_manual_review,assistant_generated_synthetic
DG500-161,How does a bar chart differ from a histogram?,out_of_domain,out_of_domain,True,pending_manual_review,assistant_generated_synthetic
DG500-162,What is the derivative of a polynomial function?,out_of_domain,out_of_domain,True,pending_manual_review,assistant_generated_synthetic
DG500-163,"What are the key rules for consumer protection councils under the Consumer Protection Act, 2019?",consumer_protection,consumer_protection,True,pending_manual_review,assistant_generated_synthetic
DG500-164,"What does the Consumer Protection Act, 2019 say about territorial jurisdiction?",consumer_protection,consumer_protection,True,pending_manual_review,assistant_generated_synthetic
DG500-165,How does Indian consumer protection law handle appeals against consumer commission orders?,consumer_protection,consumer_protection,True,pending_manual_review,assistant_generated_synthetic
DG500-166,"What does the Consumer Protection Act, 2019 say about pecuniary jurisdiction of consumer commissions?",consumer_protection,consumer_protection,True,pending_manual_review,assistant_generated_synthetic
DG500-167,What does the Constitution of India provide about Fundamental Duties?,constitution,constitution,True,pending_manual_review,assistant_generated_synthetic
DG500-168,How does Indian consumer protection law handle product liability?,consumer_protection,consumer_protection,True,pending_manual_review,assistant_generated_synthetic
DG500-169,What should I pack for a monsoon hike?,out_of_domain,out_of_domain,True,pending_manual_review,assistant_generated_synthetic
DG500-170,How is Fundamental Duties addressed in the Indian Constitution?,constitution,constitution,True,pending_manual_review,assistant_generated_synthetic
DG500-171,"How does Indian consumer protection law handle refund, replacement and repair remedies?",consumer_protection,consumer_protection,True,pending_manual_review,assistant_generated_synthetic
DG500-172,What are the main features of the Python pandas library?,out_of_domain,out_of_domain,True,pending_manual_review,assistant_generated_synthetic
DG500-173,How do I check tire pressure on a car?,out_of_domain,out_of_domain,True,pending_manual_review,assistant_generated_synthetic
DG500-174,What does the Constitution of India provide about Cultural and Educational Rights?,constitution,constitution,True,pending_manual_review,assistant_generated_synthetic
DG500-175,How does Indian consumer protection law handle the District Consumer Disputes Redressal Commission?,consumer_protection,consumer_protection,True,pending_manual_review,assistant_generated_synthetic
DG500-176,What is the difference between renewable and nonrenewable energy?,out_of_domain,out_of_domain,True,pending_manual_review,assistant_generated_synthetic
DG500-177,Can a consumer seek help regarding remedies against trader exploitation under the 2019 Act?,consumer_protection,consumer_protection,True,pending_manual_review,assistant_generated_synthetic
DG500-178,What are the benefits of regular exercise?,out_of_domain,out_of_domain,True,pending_manual_review,assistant_generated_synthetic
DG500-179,What should I know about Finance Commission in the Constitution of India?,constitution,constitution,True,pending_manual_review,assistant_generated_synthetic
DG500-180,Can you explain citizenship under Indian constitutional law under Indian constitutional law?,constitution,constitution,True,pending_manual_review,assistant_generated_synthetic
DG500-181,How is emergency provisions addressed in the Indian Constitution?,constitution,constitution,True,pending_manual_review,assistant_generated_synthetic
DG500-182,What is the difference between a list and a tuple?,out_of_domain,out_of_domain,True,pending_manual_review,assistant_generated_synthetic
DG500-183,Can a consumer seek help regarding consumer complaints about insurance under the 2019 Act?,consumer_protection,consumer_protection,True,pending_manual_review,assistant_generated_synthetic
DG500-184,Explain the time complexity of quicksort.,out_of_domain,out_of_domain,True,pending_manual_review,assistant_generated_synthetic
DG500-185,How does public-key cryptography work?,out_of_domain,out_of_domain,True,pending_manual_review,assistant_generated_synthetic
DG500-186,Can you explain High Courts under Indian constitutional law?,constitution,constitution,True,pending_manual_review,assistant_generated_synthetic
DG500-187,Can you explain Right against Exploitation under Indian constitutional law?,constitution,constitution,True,pending_manual_review,assistant_generated_synthetic
DG500-188,Which constitutional provisions deal with Right to Equality?,constitution,constitution,True,pending_manual_review,assistant_generated_synthetic
DG500-189,What should I know about municipal governance in the Constitution of India?,constitution,constitution,True,pending_manual_review,assistant_generated_synthetic
DG500-190,Which authority or commission deals with unfair trade practices under the Consumer Protection Act?,consumer_protection,consumer_protection,True,pending_manual_review,assistant_generated_synthetic
DG500-191,Which constitutional provisions deal with Rajya Sabha?,constitution,constitution,True,pending_manual_review,assistant_generated_synthetic
DG500-192,"What does the Consumer Protection Act, 2019 say about penalties for misleading advertisements?",consumer_protection,consumer_protection,True,pending_manual_review,assistant_generated_synthetic
DG500-193,What is the purpose of unit testing?,out_of_domain,out_of_domain,True,pending_manual_review,assistant_generated_synthetic
DG500-194,How do I conduct a customer satisfaction survey?,out_of_domain,out_of_domain,True,pending_manual_review,assistant_generated_synthetic
DG500-195,Which authority or commission deals with penalties for misleading advertisements under the Consumer Protection Act?,consumer_protection,consumer_protection,True,pending_manual_review,assistant_generated_synthetic
DG500-196,What is the safest way to store cooked rice?,out_of_domain,out_of_domain,True,pending_manual_review,assistant_generated_synthetic
DG500-197,What is the difference between qualitative and quantitative research?,out_of_domain,out_of_domain,True,pending_manual_review,assistant_generated_synthetic
DG500-198,How is Rajya Sabha addressed in the Indian Constitution?,constitution,constitution,True,pending_manual_review,assistant_generated_synthetic
DG500-199,What does the Constitution of India provide about the basic structure doctrine?,constitution,constitution,True,pending_manual_review,assistant_generated_synthetic
DG500-200,"Which authority or commission deals with refund, replacement and repair remedies under the Consumer Protection Act?",consumer_protection,consumer_protection,True,pending_manual_review,assistant_generated_synthetic
DG500-201,Can you explain Prime Minister and Council of Ministers under Indian constitutional law?,constitution,constitution,True,pending_manual_review,assistant_generated_synthetic
DG500-202,What does the Constitution of India provide about structure and powers of Parliament?,constitution,constitution,True,pending_manual_review,assistant_generated_synthetic
DG500-203,What should I know about constitutional provisions on elections in the Constitution of India?,constitution,constitution,True,pending_manual_review,assistant_generated_synthetic
DG500-204,Which authority or commission deals with consumer complaints about insurance under the Consumer Protection Act?,consumer_protection,consumer_protection,True,pending_manual_review,assistant_generated_synthetic
DG500-205,What does the Constitution of India provide about Rajya Sabha?,constitution,constitution,True,pending_manual_review,assistant_generated_synthetic
DG500-206,Can you explain role of a State Governor under Indian constitutional law?,constitution,constitution,True,pending_manual_review,assistant_generated_synthetic
DG500-207,Which constitutional provisions deal with Schedules of the Constitution?,constitution,constitution,True,pending_manual_review,assistant_generated_synthetic
DG500-208,What are the steps in the design thinking process?,out_of_domain,out_of_domain,True,pending_manual_review,assistant_generated_synthetic
DG500-209,What makes a scientific abstract effective?,out_of_domain,out_of_domain,True,pending_manual_review,assistant_generated_synthetic
DG500-210,"What does the Consumer Protection Act, 2019 say about consumer complaints about medical services?",consumer_protection,consumer_protection,True,pending_manual_review,assistant_generated_synthetic
DG500-211,Which constitutional provisions deal with citizenship under Indian constitutional law?,constitution,constitution,True,pending_manual_review,assistant_generated_synthetic
DG500-212,Can you explain Fundamental Rights under Indian constitutional law?,constitution,constitution,True,pending_manual_review,assistant_generated_synthetic
DG500-213,What is the difference between frontend and backend development?,out_of_domain,out_of_domain,True,pending_manual_review,assistant_generated_synthetic
DG500-214,How is Right to Equality addressed in the Indian Constitution?,constitution,constitution,True,pending_manual_review,assistant_generated_synthetic
DG500-215,What is a hypothesis test in statistics?,out_of_domain,out_of_domain,True,pending_manual_review,assistant_generated_synthetic
DG500-216,Which authority or commission deals with filing a consumer complaint under the Consumer Protection Act?,consumer_protection,consumer_protection,True,pending_manual_review,assistant_generated_synthetic
DG500-217,"Can a consumer seek help regarding refund, replacement and repair remedies under the 2019 Act?",consumer_protection,consumer_protection,True,pending_manual_review,assistant_generated_synthetic
DG500-218,"What are the key rules for remedies against trader exploitation under the Consumer Protection Act, 2019?",consumer_protection,consumer_protection,True,pending_manual_review,assistant_generated_synthetic
DG500-219,Which authority or commission deals with consumer dispute resolution under the Consumer Protection Act?,consumer_protection,consumer_protection,True,pending_manual_review,assistant_generated_synthetic
DG500-220,What should I know about state legislatures in the Constitution of India?,constitution,constitution,True,pending_manual_review,assistant_generated_synthetic
DG500-221,How does Indian consumer protection law handle consumer dispute resolution?,consumer_protection,consumer_protection,True,pending_manual_review,assistant_generated_synthetic
DG500-222,Can a consumer seek help regarding the District Consumer Disputes Redressal Commission under the 2019 Act?,consumer_protection,consumer_protection,True,pending_manual_review,assistant_generated_synthetic
DG500-223,Can you explain Rajya Sabha under Indian constitutional law?,constitution,constitution,True,pending_manual_review,assistant_generated_synthetic
DG500-224,Can you explain Directive Principles of State Policy under Indian constitutional law?,constitution,constitution,True,pending_manual_review,assistant_generated_synthetic
DG500-225,How is Panchayati Raj institutions addressed in the Indian Constitution?,constitution,constitution,True,pending_manual_review,assistant_generated_synthetic
DG500-226,How does Indian consumer protection law handle who qualifies as a consumer?,consumer_protection,consumer_protection,True,pending_manual_review,assistant_generated_synthetic
DG500-227,How do I convert Celsius to Fahrenheit?,out_of_domain,out_of_domain,True,pending_manual_review,assistant_generated_synthetic
DG500-228,"What are the key rules for consumer rights in online shopping under the Consumer Protection Act, 2019?",consumer_protection,consumer_protection,True,pending_manual_review,assistant_generated_synthetic
DG500-229,Which constitutional provisions deal with Preamble to the Constitution of India?,constitution,constitution,True,pending_manual_review,assistant_generated_synthetic
DG500-230,Can you explain structure and powers of Parliament under Indian constitutional law?,constitution,constitution,True,pending_manual_review,assistant_generated_synthetic
DG500-231,What is the difference between bacteria and viruses?,out_of_domain,out_of_domain,True,pending_manual_review,assistant_generated_synthetic
DG500-232,Can a consumer seek help regarding pecuniary jurisdiction of consumer commissions under the 2019 Act?,consumer_protection,consumer_protection,True,pending_manual_review,assistant_generated_synthetic
DG500-233,How do I train for a 5-kilometer run?,out_of_domain,out_of_domain,True,pending_manual_review,assistant_generated_synthetic
DG500-234,Which constitutional provisions deal with Lok Sabha?,constitution,constitution,True,pending_manual_review,assistant_generated_synthetic
DG500-235,What does the Constitution of India provide about emergency provisions?,constitution,constitution,True,pending_manual_review,assistant_generated_synthetic
DG500-236,Can you explain Cultural and Educational Rights under Indian constitutional law?,constitution,constitution,True,pending_manual_review,assistant_generated_synthetic
DG500-237,How can I improve my sleep schedule?,out_of_domain,out_of_domain,True,pending_manual_review,assistant_generated_synthetic
DG500-238,What does the Constitution of India provide about Right to Equality?,constitution,constitution,True,pending_manual_review,assistant_generated_synthetic
DG500-239,Which authority or commission deals with endorser responsibility for misleading ads under the Consumer Protection Act?,consumer_protection,consumer_protection,True,pending_manual_review,assistant_generated_synthetic
DG500-240,What should I know about the basic structure doctrine in the Constitution of India?,constitution,constitution,True,pending_manual_review,assistant_generated_synthetic
DG500-241,How can I add authentication to a web application?,out_of_domain,out_of_domain,True,pending_manual_review,assistant_generated_synthetic
DG500-242,How does Indian consumer protection law handle endorser responsibility for misleading ads?,consumer_protection,consumer_protection,True,pending_manual_review,assistant_generated_synthetic
DG500-243,How does Indian consumer protection law handle consumer rights in online shopping?,consumer_protection,consumer_protection,True,pending_manual_review,assistant_generated_synthetic
DG500-244,"What does the Consumer Protection Act, 2019 say about consumer awareness?",consumer_protection,consumer_protection,True,pending_manual_review,assistant_generated_synthetic
DG500-245,How does Indian consumer protection law handle the State Consumer Disputes Redressal Commission?,consumer_protection,consumer_protection,True,pending_manual_review,assistant_generated_synthetic
DG500-246,How is constitutional offices addressed in the Indian Constitution?,constitution,constitution,True,pending_manual_review,assistant_generated_synthetic
DG500-247,"What does the Consumer Protection Act, 2019 say about documents needed for a consumer complaint?",consumer_protection,consumer_protection,True,pending_manual_review,assistant_generated_synthetic
DG500-248,Which constitutional provisions deal with constitutional remedies and writs?,constitution,constitution,True,pending_manual_review,assistant_generated_synthetic
DG500-249,What does the Constitution of India provide about constitutional remedies and writs?,constitution,constitution,True,pending_manual_review,assistant_generated_synthetic
DG500-250,How can I plan a three-day trip to Jaipur?,out_of_domain,out_of_domain,True,pending_manual_review,assistant_generated_synthetic
DG500-251,What are some beginner photography techniques?,out_of_domain,out_of_domain,True,pending_manual_review,assistant_generated_synthetic
DG500-252,Can a consumer seek help regarding territorial jurisdiction under the 2019 Act?,consumer_protection,consumer_protection,True,pending_manual_review,assistant_generated_synthetic
DG500-253,Which constitutional provisions deal with reservation provisions?,constitution,constitution,True,pending_manual_review,assistant_generated_synthetic
DG500-254,What is the difference between chess check and checkmate?,out_of_domain,out_of_domain,True,pending_manual_review,assistant_generated_synthetic
DG500-255,How is Public Service Commissions addressed in the Indian Constitution?,constitution,constitution,True,pending_manual_review,assistant_generated_synthetic
DG500-256,How do I sew a button onto a shirt?,out_of_domain,out_of_domain,True,pending_manual_review,assistant_generated_synthetic
DG500-257,Which constitutional provisions deal with Comptroller and Auditor General?,constitution,constitution,True,pending_manual_review,assistant_generated_synthetic
DG500-258,How does Indian consumer protection law handle pecuniary jurisdiction of consumer commissions?,consumer_protection,consumer_protection,True,pending_manual_review,assistant_generated_synthetic
DG500-259,"What are the key rules for product safety under the Consumer Protection Act, 2019?",consumer_protection,consumer_protection,True,pending_manual_review,assistant_generated_synthetic
DG500-260,Can a consumer seek help regarding product safety under the 2019 Act?,consumer_protection,consumer_protection,True,pending_manual_review,assistant_generated_synthetic
DG500-261,Which constitutional provisions deal with constitutional provisions on elections?,constitution,constitution,True,pending_manual_review,assistant_generated_synthetic
DG500-262,Can you explain Comptroller and Auditor General under Indian constitutional law?,constitution,constitution,True,pending_manual_review,assistant_generated_synthetic
DG500-263,What should I know about Prime Minister and Council of Ministers in the Constitution of India?,constitution,constitution,True,pending_manual_review,assistant_generated_synthetic
DG500-264,Which authority or commission deals with territorial jurisdiction under the Consumer Protection Act?,consumer_protection,consumer_protection,True,pending_manual_review,assistant_generated_synthetic
DG500-265,Which authority or commission deals with consumer rights in online shopping under the Consumer Protection Act?,consumer_protection,consumer_protection,True,pending_manual_review,assistant_generated_synthetic
DG500-266,"What does the Consumer Protection Act, 2019 say about the limitation period for consumer complaints?",consumer_protection,consumer_protection,True,pending_manual_review,assistant_generated_synthetic
DG500-267,Which authority or commission deals with e-commerce transactions under the Consumer Protection Act?,consumer_protection,consumer_protection,True,pending_manual_review,assistant_generated_synthetic
DG500-268,What is the purpose of a Python virtual environment?,out_of_domain,out_of_domain,True,pending_manual_review,assistant_generated_synthetic
DG500-269,What is the difference between a prime and composite number?,out_of_domain,out_of_domain,True,pending_manual_review,assistant_generated_synthetic
DG500-270,Explain the Pythagorean theorem with an example.,out_of_domain,out_of_domain,True,pending_manual_review,assistant_generated_synthetic
DG500-271,"What are the key rules for consumer compensation under the Consumer Protection Act, 2019?",consumer_protection,consumer_protection,True,pending_manual_review,assistant_generated_synthetic
DG500-272,What should I know about Cultural and Educational Rights in the Constitution of India?,constitution,constitution,True,pending_manual_review,assistant_generated_synthetic
DG500-273,What should I know about judicial review in the Constitution of India?,constitution,constitution,True,pending_manual_review,assistant_generated_synthetic
DG500-274,How do I install Java and configure JAVA_HOME?,out_of_domain,out_of_domain,True,pending_manual_review,assistant_generated_synthetic
DG500-275,"What are the key rules for refund, replacement and repair remedies under the Consumer Protection Act, 2019?",consumer_protection,consumer_protection,True,pending_manual_review,assistant_generated_synthetic
DG500-276,Which authority or commission deals with consumer dispute mediation under the Consumer Protection Act?,consumer_protection,consumer_protection,True,pending_manual_review,assistant_generated_synthetic
DG500-277,Can a consumer seek help regarding consumer complaints about banking under the 2019 Act?,consumer_protection,consumer_protection,True,pending_manual_review,assistant_generated_synthetic
DG500-278,How is official language provisions addressed in the Indian Constitution?,constitution,constitution,True,pending_manual_review,assistant_generated_synthetic
DG500-279,What should I know about High Courts in the Constitution of India?,constitution,constitution,True,pending_manual_review,assistant_generated_synthetic
DG500-280,How does Indian consumer protection law handle consumer complaints about banking?,consumer_protection,consumer_protection,True,pending_manual_review,assistant_generated_synthetic
DG500-281,"Can a consumer seek help regarding consumer rights under the Consumer Protection Act, 2019 under the 2019 Act?",consumer_protection,consumer_protection,True,pending_manual_review,assistant_generated_synthetic
DG500-282,How can I merge two dictionaries in Python?,out_of_domain,out_of_domain,True,pending_manual_review,assistant_generated_synthetic
DG500-283,How do I solve a system of linear equations?,out_of_domain,out_of_domain,True,pending_manual_review,assistant_generated_synthetic
DG500-284,"What are the key rules for the limitation period for consumer complaints under the Consumer Protection Act, 2019?",consumer_protection,consumer_protection,True,pending_manual_review,assistant_generated_synthetic
DG500-285,"What are the key rules for appeals against consumer commission orders under the Consumer Protection Act, 2019?",consumer_protection,consumer_protection,True,pending_manual_review,assistant_generated_synthetic
DG500-286,"What does the Consumer Protection Act, 2019 say about the National Consumer Disputes Redressal Commission?",consumer_protection,consumer_protection,True,pending_manual_review,assistant_generated_synthetic
DG500-287,How is Comptroller and Auditor General addressed in the Indian Constitution?,constitution,constitution,True,pending_manual_review,assistant_generated_synthetic
DG500-288,How is the basic structure doctrine addressed in the Indian Constitution?,constitution,constitution,True,pending_manual_review,assistant_generated_synthetic
DG500-289,What should I know about Rajya Sabha in the Constitution of India?,constitution,constitution,True,pending_manual_review,assistant_generated_synthetic
DG500-290,Can a consumer seek help regarding the State Consumer Disputes Redressal Commission under the 2019 Act?,consumer_protection,consumer_protection,True,pending_manual_review,assistant_generated_synthetic
DG500-291,Explain the difference between TCP and UDP.,out_of_domain,out_of_domain,True,pending_manual_review,assistant_generated_synthetic
DG500-292,What is a foreign key in a database?,out_of_domain,out_of_domain,True,pending_manual_review,assistant_generated_synthetic
DG500-293,How does vaccination help prevent disease?,out_of_domain,out_of_domain,True,pending_manual_review,assistant_generated_synthetic
DG500-294,How can I deploy a Flask application?,out_of_domain,out_of_domain,True,pending_manual_review,assistant_generated_synthetic
DG500-295,Which constitutional provisions deal with Cultural and Educational Rights?,constitution,constitution,True,pending_manual_review,assistant_generated_synthetic
DG500-296,How is Finance Commission addressed in the Indian Constitution?,constitution,constitution,True,pending_manual_review,assistant_generated_synthetic
DG500-297,What should I know about constitutional offices in the Constitution of India?,constitution,constitution,True,pending_manual_review,assistant_generated_synthetic
DG500-298,"What are the key rules for filing a consumer complaint under the Consumer Protection Act, 2019?",consumer_protection,consumer_protection,True,pending_manual_review,assistant_generated_synthetic
DG500-299,Which constitutional provisions deal with state legislatures?,constitution,constitution,True,pending_manual_review,assistant_generated_synthetic
DG500-300,Which constitutional provisions deal with anti-defection provisions?,constitution,constitution,True,pending_manual_review,assistant_generated_synthetic
DG500-301,"What are the key rules for product liability under the Consumer Protection Act, 2019?",consumer_protection,consumer_protection,True,pending_manual_review,assistant_generated_synthetic
DG500-302,Can a consumer seek help regarding complaints about defective goods under the 2019 Act?,consumer_protection,consumer_protection,True,pending_manual_review,assistant_generated_synthetic
DG500-303,Which constitutional provisions deal with constitutional offices?,constitution,constitution,True,pending_manual_review,assistant_generated_synthetic
DG500-304,"Which authority or commission deals with consumer rights under the Consumer Protection Act, 2019 under the Consumer Protection Act?",consumer_protection,consumer_protection,True,pending_manual_review,assistant_generated_synthetic
DG500-305,Can you explain powers of the President of India under Indian constitutional law?,constitution,constitution,True,pending_manual_review,assistant_generated_synthetic
DG500-306,How does Indian consumer protection law handle investigation powers of the Central Authority?,consumer_protection,consumer_protection,True,pending_manual_review,assistant_generated_synthetic
DG500-307,How do I debug a segmentation fault in C++?,out_of_domain,out_of_domain,True,pending_manual_review,assistant_generated_synthetic
DG500-308,Which constitutional provisions deal with the basic structure doctrine?,constitution,constitution,True,pending_manual_review,assistant_generated_synthetic
DG500-309,"What are the key rules for consumer dispute mediation under the Consumer Protection Act, 2019?",consumer_protection,consumer_protection,True,pending_manual_review,assistant_generated_synthetic
DG500-310,Can a consumer seek help regarding consumer complaints about medical services under the 2019 Act?,consumer_protection,consumer_protection,True,pending_manual_review,assistant_generated_synthetic
DG500-311,"What does the Consumer Protection Act, 2019 say about manufacturer liability for harmful products?",consumer_protection,consumer_protection,True,pending_manual_review,assistant_generated_synthetic
DG500-312,"What does the Consumer Protection Act, 2019 say about product safety?",consumer_protection,consumer_protection,True,pending_manual_review,assistant_generated_synthetic
DG500-313,"How does Indian consumer protection law handle consumer rights under the Consumer Protection Act, 2019?",consumer_protection,consumer_protection,True,pending_manual_review,assistant_generated_synthetic
DG500-314,Can you explain judicial review under Indian constitutional law?,constitution,constitution,True,pending_manual_review,assistant_generated_synthetic
DG500-315,"What are the key rules for the National Consumer Disputes Redressal Commission under the Consumer Protection Act, 2019?",consumer_protection,consumer_protection,True,pending_manual_review,assistant_generated_synthetic
DG500-316,What does the Constitution of India provide about constitutional provisions on elections?,constitution,constitution,True,pending_manual_review,assistant_generated_synthetic
DG500-317,"What are the key rules for e-commerce transactions under the Consumer Protection Act, 2019?",consumer_protection,consumer_protection,True,pending_manual_review,assistant_generated_synthetic
DG500-318,How is Preamble to the Constitution of India addressed in the Indian Constitution?,constitution,constitution,True,pending_manual_review,assistant_generated_synthetic
DG500-319,What does the Constitution of India provide about citizenship under Indian constitutional law?,constitution,constitution,True,pending_manual_review,assistant_generated_synthetic
DG500-320,"What are the key rules for manufacturer liability for harmful products under the Consumer Protection Act, 2019?",consumer_protection,consumer_protection,True,pending_manual_review,assistant_generated_synthetic
DG500-321,How does Indian consumer protection law handle penalties for misleading advertisements?,consumer_protection,consumer_protection,True,pending_manual_review,assistant_generated_synthetic
DG500-322,Which constitutional provisions deal with constitutional amendments?,constitution,constitution,True,pending_manual_review,assistant_generated_synthetic
DG500-323,Which constitutional provisions deal with Panchayati Raj institutions?,constitution,constitution,True,pending_manual_review,assistant_generated_synthetic
DG500-324,Which constitutional provisions deal with Directive Principles of State Policy?,constitution,constitution,True,pending_manual_review,assistant_generated_synthetic
DG500-325,What should I know about Right against Exploitation in the Constitution of India?,constitution,constitution,True,pending_manual_review,assistant_generated_synthetic
DG500-326,Can you explain constitutional amendments under Indian constitutional law?,constitution,constitution,True,pending_manual_review,assistant_generated_synthetic
DG500-327,Can a consumer seek help regarding consumer protection councils under the 2019 Act?,consumer_protection,consumer_protection,True,pending_manual_review,assistant_generated_synthetic
DG500-328,How is High Courts addressed in the Indian Constitution?,constitution,constitution,True,pending_manual_review,assistant_generated_synthetic
DG500-329,How can I create a responsive navigation bar in CSS?,out_of_domain,out_of_domain,True,pending_manual_review,assistant_generated_synthetic
DG500-330,Can you explain municipal governance under Indian constitutional law?,constitution,constitution,True,pending_manual_review,assistant_generated_synthetic
DG500-331,Which authority or commission deals with jurisdiction of consumer commissions under the Consumer Protection Act?,consumer_protection,consumer_protection,True,pending_manual_review,assistant_generated_synthetic
DG500-332,What does the Constitution of India provide about Fundamental Rights?,constitution,constitution,True,pending_manual_review,assistant_generated_synthetic
DG500-333,Which constitutional provisions deal with High Courts?,constitution,constitution,True,pending_manual_review,assistant_generated_synthetic
DG500-334,What does the Constitution of India provide about anti-defection provisions?,constitution,constitution,True,pending_manual_review,assistant_generated_synthetic
DG500-335,Can you explain Right to Equality under Indian constitutional law?,constitution,constitution,True,pending_manual_review,assistant_generated_synthetic
DG500-336,Can a consumer seek help regarding deficiency in service under the 2019 Act?,consumer_protection,consumer_protection,True,pending_manual_review,assistant_generated_synthetic
DG500-337,"What does the Consumer Protection Act, 2019 say about remedies against trader exploitation?",consumer_protection,consumer_protection,True,pending_manual_review,assistant_generated_synthetic
DG500-338,What should I know about structure and powers of Parliament in the Constitution of India?,constitution,constitution,True,pending_manual_review,assistant_generated_synthetic
DG500-339,Which constitutional provisions deal with municipal governance?,constitution,constitution,True,pending_manual_review,assistant_generated_synthetic
DG500-340,Which constitutional provisions deal with structure and powers of Parliament?,constitution,constitution,True,pending_manual_review,assistant_generated_synthetic
DG500-341,What does the Constitution of India provide about Election Commission of India?,constitution,constitution,True,pending_manual_review,assistant_generated_synthetic
DG500-342,What ingredients are needed for a basic sponge cake?,out_of_domain,out_of_domain,True,pending_manual_review,assistant_generated_synthetic
DG500-343,How do I implement binary search in Python?,out_of_domain,out_of_domain,True,pending_manual_review,assistant_generated_synthetic
DG500-344,"What are the key rules for consumer awareness under the Consumer Protection Act, 2019?",consumer_protection,consumer_protection,True,pending_manual_review,assistant_generated_synthetic
DG500-345,Which constitutional provisions deal with emergency provisions?,constitution,constitution,True,pending_manual_review,assistant_generated_synthetic
DG500-346,What does the Constitution of India provide about reservation provisions?,constitution,constitution,True,pending_manual_review,assistant_generated_synthetic
DG500-347,How does Indian consumer protection law handle manufacturer liability for harmful products?,consumer_protection,consumer_protection,True,pending_manual_review,assistant_generated_synthetic
DG500-348,How does the human digestive system work?,out_of_domain,out_of_domain,True,pending_manual_review,assistant_generated_synthetic
DG500-349,Can a consumer seek help regarding consumer rights in online shopping under the 2019 Act?,consumer_protection,consumer_protection,True,pending_manual_review,assistant_generated_synthetic
DG500-350,How does Indian consumer protection law handle seller obligations under consumer law?,consumer_protection,consumer_protection,True,pending_manual_review,assistant_generated_synthetic
DG500-351,What should I know about emergency provisions in the Constitution of India?,constitution,constitution,True,pending_manual_review,assistant_generated_synthetic
DG500-352,How does photosynthesis work in plants?,out_of_domain,out_of_domain,True,pending_manual_review,assistant_generated_synthetic
DG500-353,How is freedom of religion addressed in the Indian Constitution?,constitution,constitution,True,pending_manual_review,assistant_generated_synthetic
DG500-354,Can you explain Supreme Court of India under Indian constitutional law?,constitution,constitution,True,pending_manual_review,assistant_generated_synthetic
DG500-355,"What are the key rules for pecuniary jurisdiction of consumer commissions under the Consumer Protection Act, 2019?",consumer_protection,consumer_protection,True,pending_manual_review,assistant_generated_synthetic
DG500-356,"What does the Consumer Protection Act, 2019 say about consumer rights under the Consumer Protection Act, 2019?",consumer_protection,consumer_protection,True,pending_manual_review,assistant_generated_synthetic
DG500-357,Which authority or commission deals with misleading advertisements under the Consumer Protection Act?,consumer_protection,consumer_protection,True,pending_manual_review,assistant_generated_synthetic
DG500-358,How do I care for indoor succulents?,out_of_domain,out_of_domain,True,pending_manual_review,assistant_generated_synthetic
DG500-359,Which authority or commission deals with documents needed for a consumer complaint under the Consumer Protection Act?,consumer_protection,consumer_protection,True,pending_manual_review,assistant_generated_synthetic
DG500-360,What does the Constitution of India provide about Chief Minister and State Council of Ministers?,constitution,constitution,True,pending_manual_review,assistant_generated_synthetic
DG500-361,What is the difference between supervised and unsupervised machine learning?,out_of_domain,out_of_domain,True,pending_manual_review,assistant_generated_synthetic
DG500-362,Which constitutional provisions deal with Prime Minister and Council of Ministers?,constitution,constitution,True,pending_manual_review,assistant_generated_synthetic
DG500-363,Can you explain constitutional remedies and writs under Indian constitutional law?,constitution,constitution,True,pending_manual_review,assistant_generated_synthetic
DG500-364,Can a consumer seek help regarding endorser responsibility for misleading ads under the 2019 Act?,consumer_protection,consumer_protection,True,pending_manual_review,assistant_generated_synthetic
DG500-365,Can a consumer seek help regarding unfair trade practices under the 2019 Act?,consumer_protection,consumer_protection,True,pending_manual_review,assistant_generated_synthetic
DG500-366,"What does the Consumer Protection Act, 2019 say about investigation powers of the Central Authority?",consumer_protection,consumer_protection,True,pending_manual_review,assistant_generated_synthetic
DG500-367,"What does the Consumer Protection Act, 2019 say about recall of unsafe goods?",consumer_protection,consumer_protection,True,pending_manual_review,assistant_generated_synthetic
DG500-368,How is the Seventh Schedule addressed in the Indian Constitution?,constitution,constitution,True,pending_manual_review,assistant_generated_synthetic
DG500-369,How is citizenship under Indian constitutional law addressed in the Indian Constitution?,constitution,constitution,True,pending_manual_review,assistant_generated_synthetic
DG500-370,How can I choose running shoes?,out_of_domain,out_of_domain,True,pending_manual_review,assistant_generated_synthetic
DG500-371,Which authority or commission deals with the National Consumer Disputes Redressal Commission under the Consumer Protection Act?,consumer_protection,consumer_protection,True,pending_manual_review,assistant_generated_synthetic
DG500-372,What is the difference between a resume and a CV?,out_of_domain,out_of_domain,True,pending_manual_review,assistant_generated_synthetic
DG500-373,"What are the key rules for investigation powers of the Central Authority under the Consumer Protection Act, 2019?",consumer_protection,consumer_protection,True,pending_manual_review,assistant_generated_synthetic
DG500-374,Can a consumer seek help regarding filing a consumer complaint under the 2019 Act?,consumer_protection,consumer_protection,True,pending_manual_review,assistant_generated_synthetic
DG500-375,How is Supreme Court of India addressed in the Indian Constitution?,constitution,constitution,True,pending_manual_review,assistant_generated_synthetic
DG500-376,Which authority or commission deals with remedies against trader exploitation under the Consumer Protection Act?,consumer_protection,consumer_protection,True,pending_manual_review,assistant_generated_synthetic
DG500-377,How does a convolutional neural network process an image?,out_of_domain,out_of_domain,True,pending_manual_review,assistant_generated_synthetic
DG500-378,"What does the Consumer Protection Act, 2019 say about consumer complaints about insurance?",consumer_protection,consumer_protection,True,pending_manual_review,assistant_generated_synthetic
DG500-379,What does the Constitution of India provide about freedom of religion?,constitution,constitution,True,pending_manual_review,assistant_generated_synthetic
DG500-380,Which constitutional provisions deal with official language provisions?,constitution,constitution,True,pending_manual_review,assistant_generated_synthetic
DG500-381,How is Fundamental Rights addressed in the Indian Constitution?,constitution,constitution,True,pending_manual_review,assistant_generated_synthetic
DG500-382,Can you explain state legislatures under Indian constitutional law?,constitution,constitution,True,pending_manual_review,assistant_generated_synthetic
DG500-383,Can you explain Fundamental Duties under Indian constitutional law?,constitution,constitution,True,pending_manual_review,assistant_generated_synthetic
DG500-384,"What does the Consumer Protection Act, 2019 say about withdrawal or settlement of a complaint?",consumer_protection,consumer_protection,True,pending_manual_review,assistant_generated_synthetic
DG500-385,Can you explain the Seventh Schedule under Indian constitutional law?,constitution,constitution,True,pending_manual_review,assistant_generated_synthetic
DG500-386,"What does the Consumer Protection Act, 2019 say about the District Consumer Disputes Redressal Commission?",consumer_protection,consumer_protection,True,pending_manual_review,assistant_generated_synthetic
DG500-387,How does Indian consumer protection law handle consumer compensation?,consumer_protection,consumer_protection,True,pending_manual_review,assistant_generated_synthetic
DG500-388,What should I know about official language provisions in the Constitution of India?,constitution,constitution,True,pending_manual_review,assistant_generated_synthetic
DG500-389,"What does the Consumer Protection Act, 2019 say about endorser responsibility for misleading ads?",consumer_protection,consumer_protection,True,pending_manual_review,assistant_generated_synthetic
DG500-390,What does the Constitution of India provide about Union-State relations?,constitution,constitution,True,pending_manual_review,assistant_generated_synthetic
DG500-391,How does Indian consumer protection law handle recall of unsafe goods?,consumer_protection,consumer_protection,True,pending_manual_review,assistant_generated_synthetic
DG500-392,How does Indian consumer protection law handle misleading advertisements?,consumer_protection,consumer_protection,True,pending_manual_review,assistant_generated_synthetic
DG500-393,How does Indian consumer protection law handle unfair trade practices?,consumer_protection,consumer_protection,True,pending_manual_review,assistant_generated_synthetic
DG500-394,Which authority or commission deals with deficiency in service under the Consumer Protection Act?,consumer_protection,consumer_protection,True,pending_manual_review,assistant_generated_synthetic
DG500-395,"What does the Consumer Protection Act, 2019 say about filing a consumer complaint?",consumer_protection,consumer_protection,True,pending_manual_review,assistant_generated_synthetic
DG500-396,How do I write a concise professional email?,out_of_domain,out_of_domain,True,pending_manual_review,assistant_generated_synthetic
DG500-397,Which constitutional provisions deal with Right against Exploitation?,constitution,constitution,True,pending_manual_review,assistant_generated_synthetic
DG500-398,"What does the Consumer Protection Act, 2019 say about unfair trade practices?",consumer_protection,consumer_protection,True,pending_manual_review,assistant_generated_synthetic
DG500-399,Which authority or commission deals with seller obligations under consumer law under the Consumer Protection Act?,consumer_protection,consumer_protection,True,pending_manual_review,assistant_generated_synthetic
DG500-400,Which constitutional provisions deal with Fundamental Duties?,constitution,constitution,True,pending_manual_review,assistant_generated_synthetic
DG500-401,"What are the key rules for withdrawal or settlement of a complaint under the Consumer Protection Act, 2019?",consumer_protection,consumer_protection,True,pending_manual_review,assistant_generated_synthetic
DG500-402,How does Indian consumer protection law handle consumer awareness?,consumer_protection,consumer_protection,True,pending_manual_review,assistant_generated_synthetic
DG500-403,How does Indian consumer protection law handle consumer dispute mediation?,consumer_protection,consumer_protection,True,pending_manual_review,assistant_generated_synthetic
DG500-404,Can you explain emergency provisions under Indian constitutional law?,constitution,constitution,True,pending_manual_review,assistant_generated_synthetic
DG500-405,What are the basic steps for changing a light bulb safely?,out_of_domain,out_of_domain,True,pending_manual_review,assistant_generated_synthetic
DG500-406,"What are the key rules for documents needed for a consumer complaint under the Consumer Protection Act, 2019?",consumer_protection,consumer_protection,True,pending_manual_review,assistant_generated_synthetic
DG500-407,What does the Constitution of India provide about Right to Freedom?,constitution,constitution,True,pending_manual_review,assistant_generated_synthetic
DG500-408,How do I prepare a balanced vegetarian meal?,out_of_domain,out_of_domain,True,pending_manual_review,assistant_generated_synthetic
DG500-409,How do exchange rates affect international trade?,out_of_domain,out_of_domain,True,pending_manual_review,assistant_generated_synthetic
DG500-410,What should I know about Preamble to the Constitution of India in the Constitution of India?,constitution,constitution,True,pending_manual_review,assistant_generated_synthetic
DG500-411,Which authority or commission deals with the District Consumer Disputes Redressal Commission under the Consumer Protection Act?,consumer_protection,consumer_protection,True,pending_manual_review,assistant_generated_synthetic
DG500-412,What does the Constitution of India provide about role of a State Governor?,constitution,constitution,True,pending_manual_review,assistant_generated_synthetic
DG500-413,Can a consumer seek help regarding recall of unsafe goods under the 2019 Act?,consumer_protection,consumer_protection,True,pending_manual_review,assistant_generated_synthetic
DG500-414,Which authority or commission deals with unfair contracts under the Consumer Protection Act?,consumer_protection,consumer_protection,True,pending_manual_review,assistant_generated_synthetic
DG500-415,What does the Constitution of India provide about Directive Principles of State Policy?,constitution,constitution,True,pending_manual_review,assistant_generated_synthetic
DG500-416,"What does the Consumer Protection Act, 2019 say about consumer dispute mediation?",consumer_protection,consumer_protection,True,pending_manual_review,assistant_generated_synthetic
DG500-417,What is the difference between a metaphor and a simile?,out_of_domain,out_of_domain,True,pending_manual_review,assistant_generated_synthetic
DG500-418,Can a consumer seek help regarding e-commerce transactions under the 2019 Act?,consumer_protection,consumer_protection,True,pending_manual_review,assistant_generated_synthetic
DG500-419,What is the difference between Git and GitHub?,out_of_domain,out_of_domain,True,pending_manual_review,assistant_generated_synthetic
DG500-420,Which constitutional provisions deal with role of the Vice-President?,constitution,constitution,True,pending_manual_review,assistant_generated_synthetic
DG500-421,How is role of a State Governor addressed in the Indian Constitution?,constitution,constitution,True,pending_manual_review,assistant_generated_synthetic
DG500-422,Can you explain Union-State relations under Indian constitutional law?,constitution,constitution,True,pending_manual_review,assistant_generated_synthetic
DG500-423,What should I know about Panchayati Raj institutions in the Constitution of India?,constitution,constitution,True,pending_manual_review,assistant_generated_synthetic
DG500-424,Which constitutional provisions deal with Supreme Court of India?,constitution,constitution,True,pending_manual_review,assistant_generated_synthetic
DG500-425,How do I write a SQL query to group records by category?,out_of_domain,out_of_domain,True,pending_manual_review,assistant_generated_synthetic
DG500-426,Can you explain Panchayati Raj institutions under Indian constitutional law?,constitution,constitution,True,pending_manual_review,assistant_generated_synthetic
DG500-427,What does the Constitution of India provide about Lok Sabha?,constitution,constitution,True,pending_manual_review,assistant_generated_synthetic
DG500-428,Can a consumer seek help regarding manufacturer liability for harmful products under the 2019 Act?,consumer_protection,consumer_protection,True,pending_manual_review,assistant_generated_synthetic
DG500-429,Which authority or commission deals with who qualifies as a consumer under the Consumer Protection Act?,consumer_protection,consumer_protection,True,pending_manual_review,assistant_generated_synthetic
DG500-430,What does the Constitution of India provide about municipal governance?,constitution,constitution,True,pending_manual_review,assistant_generated_synthetic
DG500-431,"What does the Consumer Protection Act, 2019 say about misleading advertisements?",consumer_protection,consumer_protection,True,pending_manual_review,assistant_generated_synthetic
DG500-432,What should I know about role of the Vice-President in the Constitution of India?,constitution,constitution,True,pending_manual_review,assistant_generated_synthetic
DG500-433,"What is the difference between mean, median, and mode?",out_of_domain,out_of_domain,True,pending_manual_review,assistant_generated_synthetic
DG500-434,What does the Constitution of India provide about judicial review?,constitution,constitution,True,pending_manual_review,assistant_generated_synthetic
DG500-435,"What are the key rules for the Central Consumer Protection Authority under the Consumer Protection Act, 2019?",consumer_protection,consumer_protection,True,pending_manual_review,assistant_generated_synthetic
DG500-436,What should I know about Public Service Commissions in the Constitution of India?,constitution,constitution,True,pending_manual_review,assistant_generated_synthetic
DG500-437,How is Election Commission of India addressed in the Indian Constitution?,constitution,constitution,True,pending_manual_review,assistant_generated_synthetic
DG500-438,What is containerization with Docker?,out_of_domain,out_of_domain,True,pending_manual_review,assistant_generated_synthetic
DG500-439,Can a consumer seek help regarding investigation powers of the Central Authority under the 2019 Act?,consumer_protection,consumer_protection,True,pending_manual_review,assistant_generated_synthetic
DG500-440,Can a consumer seek help regarding withdrawal or settlement of a complaint under the 2019 Act?,consumer_protection,consumer_protection,True,pending_manual_review,assistant_generated_synthetic
DG500-441,Which authority or commission deals with consumer compensation under the Consumer Protection Act?,consumer_protection,consumer_protection,True,pending_manual_review,assistant_generated_synthetic
DG500-442,What does the Constitution of India provide about official language provisions?,constitution,constitution,True,pending_manual_review,assistant_generated_synthetic
DG500-443,How can I create a monthly budget?,out_of_domain,out_of_domain,True,pending_manual_review,assistant_generated_synthetic
DG500-444,Can a consumer seek help regarding consumer dispute resolution under the 2019 Act?,consumer_protection,consumer_protection,True,pending_manual_review,assistant_generated_synthetic
DG500-445,How is Directive Principles of State Policy addressed in the Indian Constitution?,constitution,constitution,True,pending_manual_review,assistant_generated_synthetic
DG500-446,Can you explain Chief Minister and State Council of Ministers under Indian constitutional law?,constitution,constitution,True,pending_manual_review,assistant_generated_synthetic
DG500-447,How can I remove a coffee stain from cotton?,out_of_domain,out_of_domain,True,pending_manual_review,assistant_generated_synthetic
DG500-448,Which constitutional provisions deal with Right to Freedom?,constitution,constitution,True,pending_manual_review,assistant_generated_synthetic
DG500-449,What should I know about reservation provisions in the Constitution of India?,constitution,constitution,True,pending_manual_review,assistant_generated_synthetic
DG500-450,How does Indian consumer protection law handle the Central Consumer Protection Authority?,consumer_protection,consumer_protection,True,pending_manual_review,assistant_generated_synthetic
DG500-451,How is municipal governance addressed in the Indian Constitution?,constitution,constitution,True,pending_manual_review,assistant_generated_synthetic
DG500-452,What should I know about Right to Freedom in the Constitution of India?,constitution,constitution,True,pending_manual_review,assistant_generated_synthetic
DG500-453,Which authority or commission deals with recall of unsafe goods under the Consumer Protection Act?,consumer_protection,consumer_protection,True,pending_manual_review,assistant_generated_synthetic
DG500-454,Can a consumer seek help regarding documents needed for a consumer complaint under the 2019 Act?,consumer_protection,consumer_protection,True,pending_manual_review,assistant_generated_synthetic
DG500-455,"What does the Consumer Protection Act, 2019 say about unfair contracts?",consumer_protection,consumer_protection,True,pending_manual_review,assistant_generated_synthetic
DG500-456,What should I know about role of a State Governor in the Constitution of India?,constitution,constitution,True,pending_manual_review,assistant_generated_synthetic
DG500-457,What should I know about Union-State relations in the Constitution of India?,constitution,constitution,True,pending_manual_review,assistant_generated_synthetic
DG500-458,How is Right to Freedom addressed in the Indian Constitution?,constitution,constitution,True,pending_manual_review,assistant_generated_synthetic
DG500-459,What does the Constitution of India provide about Schedules of the Constitution?,constitution,constitution,True,pending_manual_review,assistant_generated_synthetic
DG500-460,"What does the Consumer Protection Act, 2019 say about seller obligations under consumer law?",consumer_protection,consumer_protection,True,pending_manual_review,assistant_generated_synthetic
DG500-461,What should I know about Schedules of the Constitution in the Constitution of India?,constitution,constitution,True,pending_manual_review,assistant_generated_synthetic
DG500-462,What does the Constitution of India provide about Panchayati Raj institutions?,constitution,constitution,True,pending_manual_review,assistant_generated_synthetic
DG500-463,How is constitutional amendments addressed in the Indian Constitution?,constitution,constitution,True,pending_manual_review,assistant_generated_synthetic
DG500-464,How do I create a presentation with consistent slide layouts?,out_of_domain,out_of_domain,True,pending_manual_review,assistant_generated_synthetic
DG500-465,How does Indian consumer protection law handle deficiency in service?,consumer_protection,consumer_protection,True,pending_manual_review,assistant_generated_synthetic
DG500-466,What are the main causes of climate change?,out_of_domain,out_of_domain,True,pending_manual_review,assistant_generated_synthetic
DG500-467,Which authority or commission deals with appeals against consumer commission orders under the Consumer Protection Act?,consumer_protection,consumer_protection,True,pending_manual_review,assistant_generated_synthetic
DG500-468,What does the Constitution of India provide about constitutional amendments?,constitution,constitution,True,pending_manual_review,assistant_generated_synthetic
DG500-469,"What does the Consumer Protection Act, 2019 say about consumer dispute resolution?",consumer_protection,consumer_protection,True,pending_manual_review,assistant_generated_synthetic
DG500-470,What should I know about freedom of religion in the Constitution of India?,constitution,constitution,True,pending_manual_review,assistant_generated_synthetic
DG500-471,How does Indian consumer protection law handle unfair contracts?,consumer_protection,consumer_protection,True,pending_manual_review,assistant_generated_synthetic
DG500-472,How does a cache improve application performance?,out_of_domain,out_of_domain,True,pending_manual_review,assistant_generated_synthetic
DG500-473,What factors affect a country's inflation rate?,out_of_domain,out_of_domain,True,pending_manual_review,assistant_generated_synthetic
DG500-474,What does the Constitution of India provide about Prime Minister and Council of Ministers?,constitution,constitution,True,pending_manual_review,assistant_generated_synthetic
DG500-475,Which authority or commission deals with investigation powers of the Central Authority under the Consumer Protection Act?,consumer_protection,consumer_protection,True,pending_manual_review,assistant_generated_synthetic
DG500-476,How do I compare train and bus travel costs?,out_of_domain,out_of_domain,True,pending_manual_review,assistant_generated_synthetic
DG500-477,"What are the key rules for consumer complaints about insurance under the Consumer Protection Act, 2019?",consumer_protection,consumer_protection,True,pending_manual_review,assistant_generated_synthetic
DG500-478,How is role of the Vice-President addressed in the Indian Constitution?,constitution,constitution,True,pending_manual_review,assistant_generated_synthetic
DG500-479,What is the difference between an API and an SDK?,out_of_domain,out_of_domain,True,pending_manual_review,assistant_generated_synthetic
DG500-480,Can you explain the basic structure doctrine under Indian constitutional law?,constitution,constitution,True,pending_manual_review,assistant_generated_synthetic
DG500-481,Can a consumer seek help regarding product liability under the 2019 Act?,consumer_protection,consumer_protection,True,pending_manual_review,assistant_generated_synthetic
DG500-482,"What does the Consumer Protection Act, 2019 say about service provider liability?",consumer_protection,consumer_protection,True,pending_manual_review,assistant_generated_synthetic
DG500-483,What should I know about Fundamental Rights in the Constitution of India?,constitution,constitution,True,pending_manual_review,assistant_generated_synthetic
DG500-484,Which constitutional provisions deal with freedom of religion?,constitution,constitution,True,pending_manual_review,assistant_generated_synthetic
DG500-485,Can you explain Public Service Commissions under Indian constitutional law?,constitution,constitution,True,pending_manual_review,assistant_generated_synthetic
DG500-486,"What are the key rules for unfair contracts under the Consumer Protection Act, 2019?",consumer_protection,consumer_protection,True,pending_manual_review,assistant_generated_synthetic
DG500-487,How is constitutional provisions on elections addressed in the Indian Constitution?,constitution,constitution,True,pending_manual_review,assistant_generated_synthetic
DG500-488,Which authority or commission deals with consumer complaints about banking under the Consumer Protection Act?,consumer_protection,consumer_protection,True,pending_manual_review,assistant_generated_synthetic
DG500-489,What should I know about citizenship under Indian constitutional law in the Constitution of India?,constitution,constitution,True,pending_manual_review,assistant_generated_synthetic
DG500-490,Can a consumer seek help regarding misleading advertisements under the 2019 Act?,consumer_protection,consumer_protection,True,pending_manual_review,assistant_generated_synthetic
DG500-491,Can you explain Election Commission of India under Indian constitutional law?,constitution,constitution,True,pending_manual_review,assistant_generated_synthetic
DG500-492,"What are the key rules for deficiency in service under the Consumer Protection Act, 2019?",consumer_protection,consumer_protection,True,pending_manual_review,assistant_generated_synthetic
DG500-493,How do I adjust the brightness on a computer monitor?,out_of_domain,out_of_domain,True,pending_manual_review,assistant_generated_synthetic
DG500-494,How is structure and powers of Parliament addressed in the Indian Constitution?,constitution,constitution,True,pending_manual_review,assistant_generated_synthetic
DG500-495,How does solar power generate electricity?,out_of_domain,out_of_domain,True,pending_manual_review,assistant_generated_synthetic
DG500-496,How is Schedules of the Constitution addressed in the Indian Constitution?,constitution,constitution,True,pending_manual_review,assistant_generated_synthetic
DG500-497,Can you explain Preamble to the Constitution of India under Indian constitutional law?,constitution,constitution,True,pending_manual_review,assistant_generated_synthetic
DG500-498,What is the purpose of recycling electronic waste?,out_of_domain,out_of_domain,True,pending_manual_review,assistant_generated_synthetic
DG500-499,Which authority or commission deals with consumer complaints about medical services under the Consumer Protection Act?,consumer_protection,consumer_protection,True,pending_manual_review,assistant_generated_synthetic
DG500-500,What should I know about Right to Equality in the Constitution of India?,constitution,constitution,True,pending_manual_review,assistant_generated_synthetic
