record_id,candidate_split,question,answer,source_document,declared_page,legal_reference,evidence,question_mark,question_type_heuristic,page_match_status,declared_page_match,nearby_page_matches_diagnostic_only,spanning_page_matches_diagnostic_only,matching_page_numbers_diagnostic_only,reference_status,answer_is_normalized_extract,exact_duplicate_question_ids,near_duplicate_question_ids,exact_duplicate_answer_ids,stage9_audit_status,stage9_page_status,review_status,review_reason
train_candidate-0062,train,What are the conditions under which an inquiry is not held for a person dismissed or removed on the ground of conduct leading to a criminal charge?,"The inquiry is not held if the authority is satisfied that for some reason, to be recorded by that authority in writing, it is not reasonably practicable to hold such inquiry, or if the President or the Governor, as the case may be, is satisfied that in the interest of the security of the State it is not expedient to hold such inquiry.",constitution,205,"Provided further that this clause shall not apply—] (a) where a person is dismissed or removed or reduced in rank on the ground of conduct which has led to his conviction on a criminal charge; or (b) where the authority empowered to dismiss or remove a person or to reduce him in rank is satisfied that for some reason, to be recorded by that authority in writing, it is not reasonably practicable to hold such inquiry; or (c) where the President or the Governor, as the case may be, is satisfied that in the interest of the security of the State it is not expedient to hold such inquiry.","opportunity of making representation on the penalty proposed: Provided further that this clause shall not apply—] (a) where a person is dismissed or removed or reduced in rank on the ground of conduct which has led to his conviction on a criminal charge; or (b) where the authority empowered to dismiss or remove a person or to reduce him in rank is satisfied that for some reason, to be recorded by that authority in writing, it is not reasonably practicable to hold such inquiry; or (c) where the President or the Governor, as the case may be, is satisfied that in the interest of the security of the State it is not expedient to hold such inquiry. (3) If, in respect of any such person as aforesaid, a question arises whether it is reasonably practicable to hold such inquiry as is referred to in clause (2), the decision thereon of the authority empowered to dismiss or remove such person or to reduce him in rank shall be final.] 1. Subs. by the Constitution (Fifteenth Amendment) Act, 1963, s. 10, for cls. (2) and (3) (w.e.f. 5-10-1963). 2. Certain words omitted by the Constitution (Forty-second Amendment) Act, 1976, s. 44 (w.e.f. 3-1-1977). 3. Subs. by s. 44, ibid., for certain words (w.e.f. 3-1-1977).",True,direct_or_other_candidate,DECLARED_PAGE_MATCH,True,,[],205,REFERENCE_MATCH,False,,,,NEEDS_REVIEW,MATCH,NEEDS_REVIEW,Answer is not a normalized extract; semantic support needs human review.
train_candidate-0140,train,"Who is the successor of the Government of the corresponding Indian State as regards all property and assets and all rights, liabilities and obligations?",The Government of the State specified in Part B of the First Schedule.,constitution,199,"2. Subject as aforesaid, the Government of each State specified in Part B of the First Schedule shall, as from the commencement of this Constitution, be the successor of the Government of the corresponding Indian State as regards all property and assets and all rights, liabilities and obligations, whether arising out of any contract or otherwise, other than those referred to in clause (1).","be the rights, liabilities and obligations of the Government of India, if the purposes for which such rights were acquired or liabilities or obligations were incurred before such commencement will thereafter be purposes of the Government of India relating to any of the matters enumerated in the Union List, subject to any agreement entered into in that behalf by the Government of India with the Government of that State. (2) Subject as aforesaid, the Government of each State specified in Part B of the First Schedule shall, as from the commencement of this Constitution, be the successor of the Government of the corresponding Indian State as regards all property and assets and all rights, liabilities and obligations, whether arising out of any contract or otherwise, other than those referred to in clause (1). 296. Property accruing by escheat or lapse or as bona vacantia.— Subject as hereinafter provided, any property in the territory of India which, if this Constitution had not come into operation, would have accrued to His Majesty or, as the case may be, to the Ruler of an Indian State by escheat or lapse, or as bona vacantia for want of a rightful owner, shall, if it is property situate in a State, vest in such State, and shall, in any other case, vest in the Union:",True,direct_or_other_candidate,DECLARED_PAGE_MATCH,True,,[],199,REFERENCE_MATCH,False,,,,NEEDS_REVIEW,MATCH,NEEDS_REVIEW,Answer is not a normalized extract; semantic support needs human review.
train_candidate-0161,train,What is the duty of every citizen of India as stated in the Fundamental Duties section of the Constitution?,"It is the duty of every citizen of India to abide by the Constitution and respect its ideals and institutions, the National Flag and the National Anthem; to cherish and follow the noble ideals which inspired our national struggle for freedom; to uphold and protect the sovereignty, unity and integrity of India; to defend the country and render national service when called upon to do so; to promote harmony and the spirit of common brotherhood amongst all the people of India transcending religious, linguistic and regional or sectional diversities; to renounce practices derogatory to the dignity of women; to value and preserve the rich heritage of our composite culture; to protect and improve the natural environment including forests, lakes, rivers and wild life, and to have compassion for living creatures; to develop the scientific temper, humanism and the spirit of inquiry and reform; to safeguard public property and to abjure violence; to strive towards excellence in all spheres of individual and collective activity so that the nation constantly rises to higher levels of endeavour and achievement.",constitution,56,PART IVA FUNDAMENTAL DUTIES 51A. Fundamental duties.—,"1[PART IVA FUNDAMENTAL DUTIES 51A. Fundamental duties.—It shall be the duty of every citizen of India— (a) to abide by the Constitution and respect its ideals and institutions, the National Flag and the National Anthem; (b) to cherish and follow the noble ideals which inspired our national struggle for freedom; (c) to uphold and protect the sovereignty, unity and integrity of India; (d) to defend the country and render national service when called upon to do so; (e) to promote harmony and the spirit of common brotherhood amongst all the people of India transcending religious, linguistic and regional or sectional diversities; to renounce practices derogatory to the dignity of women; (f) to value and preserve the rich heritage of our composite culture; (g) to protect and improve the natural environment including forests, lakes, rivers and wild life, and to have compassion for living creatures; (h) to develop the scientific temper, humanism and the spirit of inquiry and reform; (i) to safeguard public property and to abjure violence; (j) to strive towards excellence in all spheres of individual and collective activity so that the nation constantly rises to higher levels of endeavour and achievement; ] 2[(k) who is a parent or guardian to provide opportunities for education to his child or, as the case may be, ward between the age of",True,rights_or_duties_candidate,DECLARED_PAGE_MATCH,True,,[],56,REFERENCE_MATCH,False,,,,NEEDS_REVIEW,MATCH,NEEDS_REVIEW,Answer is not a normalized extract; semantic support needs human review.
train_candidate-0195,train,What does article 269A govern?,Article 269A governs the apportionment of Goods and Services Tax levied on supplies in the course of inter-State trade or commerce.,constitution,191,article 269A,"apportionment of Goods and Services Tax levied on supplies in the course of inter-State trade or commerce under article 269A and the principles that govern the place of supply; (d) the threshold limit of turnover below which goods and services may be exempted from goods and services tax; (e) the rates including floor rates with bands of goods and services tax; (f) any special rate or rates for a specified period, to raise additional resources during any natural calamity or disaster; 1. Ins. by the Constitution (One Hundred and First Amendment) Act, 2016, s. 12 (w.e.f. 12-9-2016).",True,direct_or_other_candidate,DECLARED_PAGE_MATCH,True,,[],191,REFERENCE_MATCH,False,,,,NEEDS_REVIEW,MATCH,NEEDS_REVIEW,Answer is not a normalized extract; semantic support needs human review.
train_candidate-0196,train,What are the principles that govern the place of supply?,"The principles that govern the place of supply are discussed in the passage, but specific principles are not detailed. The passage mentions that the apportionment of Goods and Services Tax is governed by article 269A.",constitution,191,article 269A,"apportionment of Goods and Services Tax levied on supplies in the course of inter-State trade or commerce under article 269A and the principles that govern the place of supply; (d) the threshold limit of turnover below which goods and services may be exempted from goods and services tax; (e) the rates including floor rates with bands of goods and services tax; (f) any special rate or rates for a specified period, to raise additional resources during any natural calamity or disaster; 1. Ins. by the Constitution (One Hundred and First Amendment) Act, 2016, s. 12 (w.e.f. 12-9-2016).",True,direct_or_other_candidate,DECLARED_PAGE_MATCH,True,,[],191,REFERENCE_MATCH,False,,,,NEEDS_REVIEW,MATCH,NEEDS_REVIEW,Answer is not a normalized extract; semantic support needs human review.
train_candidate-0293,train,"What is the effect of the Sixth Schedule to the Constitution (Amendment) Act, 1988 on sub-paragraph (1)?",The previous approval of the Legislature of the State is omitted from sub-paragraph (1).,constitution,332,"Tripura and Mizoram by the Sixth Schedule to the Constitution (Amendment) Act, 1988 (67 of 1988), s. 2","Tripura and Mizoram by the Sixth Schedule to the Constitution (Amendment) Act, 1988 (67 of 1988) s. 2 (w.e.f. 16-12-1988), as under,— ‘(a) in sub-paragraph (1), the words “subject to the previous approval of the Legislature of the State” occurring in clause (b), and the second proviso shall be omitted; (b) for sub-paragraph (3), the following sub-paragraph shall be substituted, namely:— “(3) Every order made under sub-paragraph (1) or sub-paragraph (2) of this paragraph, along with the reasons therefor shall be laid before the Legislature of the State.”.’. 2. Paragraph 16 renumbered as sub-paragraph (1) thereof by the Assam Reorganisation (Meghalaya) Act, 1969 (55 of 1969), s. 74 and Fourth Sch. (w.e.f. 2-4-1970).",True,direct_or_other_candidate,DECLARED_PAGE_MATCH,True,,[],332,REFERENCE_MATCH,False,,,,NEEDS_REVIEW,MATCH,NEEDS_REVIEW,Answer is not a normalized extract; semantic support needs human review.
train_candidate-0302,train,What is the condition for creating posts common to both Houses of a State Legislature with a Legislative Council?,"Nothing in the clause prevents the creation of posts common to both Houses of such Legislature, as long as the Legislature of the State makes a law to regulate it.",constitution,114,"(Provided that nothing in this clause shall, in the case of the Legislature of a State having a Legislative Council, be construed as preventing the creation of posts common to both Houses of such Legislature.)","be entitled to vote only in the first instance on such resolution or on any other matter during such proceedings but not in the case of an equality of votes. 186. Salaries and allowances of the Speaker and Deputy Speaker and the Chairman and Deputy Chairman.—There shall be paid to the Speaker and the Deputy Speaker of the Legislative Assembly, and to the Chairman and the Deputy Chairman of the Legislative Council, such salaries and allowances as may be respectively fixed by the Legislature of the State by law and, until provision in that behalf is so made, such salaries and allowances as are specified in the Second Schedule. 187. Secretariat of State Legislature.—(1) The House or each House of the Legislature of a State shall have a separate secretarial staff: Provided that nothing in this clause shall, in the case of the Legislature of a State having a Legislative Council, be construed as preventing the creation of posts common to both Houses of such Legislature. (2) The Legislature of a State may by law regulate the recruitment, and the conditions of service of persons appointed, to the secretarial staff of the House or Houses of the Legislature of the State.",True,direct_or_other_candidate,DECLARED_PAGE_MATCH,True,,[],114,REFERENCE_MATCH,False,,,,NEEDS_REVIEW,MATCH,NEEDS_REVIEW,Answer is not a normalized extract; semantic support needs human review.
train_candidate-0321,train,What are the orders mentioned in the passage related to?,The orders mentioned in the passage are related to Scheduled Areas in different states and territories.,constitution,309,"The Scheduled Areas (Part A States) Order, 1950 (C.O. 9), the Scheduled Areas (Part B States) Order, 1950 (C.O.26), the Scheduled Areas (Himachal Pradesh) Order, 1975 (C.O. 102) and the Scheduled Areas (States of Bihar, Gujarat, Madhya Pradesh and Orissa) Order, 1977 (C.O. 109). See the Madras Scheduled Areas (Cessor) Order, 1950 (C.O. 30) and the Andhra Scheduled Areas (Cessor) Order, 1955 (C.O. 50).","(b) alter, but only by way of rectification of boundaries, any Scheduled Area; 1. The words ""or Rajpramukh"" omitted by the Constitution (Seventh Amendment) Act, 1956, s. 29 and Sch. (w.e.f. 1-11-1956). The words ""or Rajpramukh"" omitted by s. 29 and sch., ibid. (w.e.f. 1-11-1956). See the Scheduled Areas (Part A States) Order, 1950 (C.O. 9), the Scheduled Areas (Part B States) Order, 1950 (C.O.26), the Scheduled Areas (Himachal Pradesh) Order, 1975 (C.O. 102) and the Scheduled Areas (States of Bihar, Gujarat, Madhya Pradesh and Orissa) Order, 1977 (C.O. 109). See the Madras Scheduled Areas (Cessor) Order, 1950 (C.O. 30) and the Andhra Scheduled Areas (Cessor) Order, 1955 (C.O. 50). 2. Ins. by the Fifth Schedule to the Constitution (Amendment) Act, 1976 (101 of 1976), s. 2 (w.e.f. 7-9-1976).",True,direct_or_other_candidate,DECLARED_PAGE_MATCH,True,,[],309,REFERENCE_MATCH,False,,,,NEEDS_REVIEW,MATCH,NEEDS_REVIEW,Answer is not a normalized extract; semantic support needs human review.
train_candidate-0413,train,What does article 302 allow Parliament to do?,"Parliament may by law impose such restrictions on the freedom of trade, commerce or intercourse between one State and another or within any part of the territory of India as may be required in the public interest.",constitution,202,"PART XIII TRADE, COMMERCE AND INTERCOURSE WITHIN THE TERRITORY OF INDIA 302.","PART XIII TRADE, COMMERCE AND INTERCOURSE WITHIN THE TERRITORY OF INDIA 301. Freedom of trade, commerce and intercourse.—Subject to the other provisions of this Part, trade, commerce and intercourse throughout the territory of India shall be free. 302. Power of Parliament to impose restrictions on trade, commerce and intercourse.—Parliament may by law impose such restrictions on the freedom of trade, commerce or intercourse between one State and another or within any part of the territory of India as may be required in the public interest. 303. Restrictions on the legislative powers of the Union and of the States with regard to trade and commerce.—(1) Notwithstanding anything in article 302, neither Parliament nor the Legislature of a State shall have power to make any law giving, or authorising the giving of, any preference to one State over another, or making, or authorising the making of, any discrimination between one State and another, by virtue of any entry relating to trade and commerce in any of the Lists in the Seventh Schedule. (2) Nothing in clause (1) shall prevent Parliament from making any law giving, or authorising the giving of, any preference or making, or authorising the making of, any discrimination if it is declared by such law that it is necessary to do so for the purpose of dealing with a",True,direct_or_other_candidate,DECLARED_PAGE_MATCH,True,,[],202,REFERENCE_MATCH,True,,,,NEEDS_REVIEW,MATCH,NEEDS_REVIEW,Needs human legal review; provenance checks alone cannot establish correctness.
train_candidate-0476,train,What happens to articles seized under clause (a) of sub-section (1) within 20 days?,"Articles seized under clause (a) of sub-section (1) shall be returned to the person from whom they were seized or who produced the same, after copies thereof or extracts therefrom certified by that person have been taken.",consumer_protection,15,article seized under clause (a) of sub-section (1),"or article seized under clause (a) of sub-section (1) or produced under clause (c) of that sub-section shall be returned to the person, from whom they were seized or who produced the same, within a period of twenty days of the date of such seizure or production, as the case may be, after copies thereof or extracts therefrom certified by that person, in such manner as may be prescribed, have been taken. (4) Where any article seized under sub-section (1) are subject to speedy or natural decay, the Director-General or such other officer may dispose of the article in such manner as may be prescribed. (5) In the case of articles other than the articles referred to in sub-section (4), provisions contained in clause (c) of sub-section (2) of section 38 shall mutatis mutandis apply in relation to analysis or tests.",True,direct_or_other_candidate,DECLARED_PAGE_MATCH,True,,[],15,REFERENCE_MATCH,False,,,,NEEDS_REVIEW,MATCH,NEEDS_REVIEW,Answer is not a normalized extract; semantic support needs human review.
validation_candidate-0001,validation,What does the term 'district' refer to in the context of Panchayats?,The term 'district' means a district in a State.,constitution,150,"1[PART IX THE PANCHAYATS 243. Definitions.—In this Part, unless the context otherwise requires,— (a) ""district"" means a district in a State;","1[PART IX THE PANCHAYATS 243. Definitions.—In this Part, unless the context otherwise requires,— (a) “district” means a district in a State; (b) “Gram Sabha” means a body consisting of persons registered in the electoral rolls relating to a village comprised within the area of Panchayat at the village level; (c) “intermediate level” means a level between the village and district levels specified by the Governor of a State by public notification to be the intermediate level for the purposes of this Part; (d) “Panchayat” means an institution (by whatever name called) of self-government constituted under article 243B, for the rural areas; (e) “Panchayat area” means the territorial area of a Panchayat; (f) “Population” means the population as ascertained at the last preceding census of which the relevant figures have been published; (g) “village” means a village specified by the Governor by public notification to be a village for the purposes of this Part and includes a group of villages so specified. 243A. Gram Sabha.—A Gram Sabha may exercise such powers and perform such functions at the village level as the Legislature of a State may, by law, provide. 243B. Constitution of Panchayats.—(1) There shall be constituted in every State, Panchayats at the village, intermediate and district levels in accordance with the provisions of this Part. (2) Notwithstanding anything in clause",True,direct_or_other_candidate,DECLARED_PAGE_MATCH,True,,[],150,REFERENCE_MATCH,False,,,,NEEDS_REVIEW,MATCH,NEEDS_REVIEW,Answer is not a normalized extract; semantic support needs human review.
validation_candidate-0002,validation,What is the definition of 'village' in the context of Panchayats?,The term 'village' means a village specified by the Governor by public notification to be a village for the purposes of this Part and includes a group of villages so specified.,constitution,150,"1[PART IX THE PANCHAYATS 243. Definitions.—In this Part, unless the context otherwise requires,— (g) ""village"" means a village specified by the Governor by public notification to be a village for the purposes of this Part and includes a group of villages so specified.","1[PART IX THE PANCHAYATS 243. Definitions.—In this Part, unless the context otherwise requires,— (a) “district” means a district in a State; (b) “Gram Sabha” means a body consisting of persons registered in the electoral rolls relating to a village comprised within the area of Panchayat at the village level; (c) “intermediate level” means a level between the village and district levels specified by the Governor of a State by public notification to be the intermediate level for the purposes of this Part; (d) “Panchayat” means an institution (by whatever name called) of self-government constituted under article 243B, for the rural areas; (e) “Panchayat area” means the territorial area of a Panchayat; (f) “Population” means the population as ascertained at the last preceding census of which the relevant figures have been published; (g) “village” means a village specified by the Governor by public notification to be a village for the purposes of this Part and includes a group of villages so specified. 243A. Gram Sabha.—A Gram Sabha may exercise such powers and perform such functions at the village level as the Legislature of a State may, by law, provide. 243B. Constitution of Panchayats.—(1) There shall be constituted in every State, Panchayats at the village, intermediate and district levels in accordance with the provisions of this Part. (2) Notwithstanding anything in clause",True,definition_candidate,DECLARED_PAGE_MATCH,True,,[],150,REFERENCE_MATCH,False,,,,NEEDS_REVIEW,MATCH,NEEDS_REVIEW,Answer is not a normalized extract; semantic support needs human review.
